-- phpMyAdmin SQL Dump
-- version 3.3.9
-- http://www.phpmyadmin.net
--
-- Host: localhost
-- Generation Time: Sep 22, 2015 at 05:23 PM
-- Server version: 5.1.53
-- PHP Version: 5.3.4

SET SQL_MODE="NO_AUTO_VALUE_ON_ZERO";


/*!40101 SET @OLD_CHARACTER_SET_CLIENT=@@CHARACTER_SET_CLIENT */;
/*!40101 SET @OLD_CHARACTER_SET_RESULTS=@@CHARACTER_SET_RESULTS */;
/*!40101 SET @OLD_COLLATION_CONNECTION=@@COLLATION_CONNECTION */;
/*!40101 SET NAMES utf8 */;

--
-- Database: `community`
--

-- --------------------------------------------------------

--
-- Table structure for table `city`
--

CREATE TABLE IF NOT EXISTS `city` (
  `city_id` int(11) NOT NULL AUTO_INCREMENT,
  `region_id` int(11) NOT NULL,
  `city_name` text NOT NULL,
  `created_date` timestamp NOT NULL DEFAULT CURRENT_TIMESTAMP,
  PRIMARY KEY (`city_id`)
) ENGINE=MyISAM  DEFAULT CHARSET=latin1 AUTO_INCREMENT=1718 ;

--
-- Dumping data for table `city`
--

INSERT INTO `city` (`city_id`, `region_id`, `city_name`, `created_date`) VALUES
(1, 1, 'ADILABAD', '2015-08-23 01:39:34'),
(2, 1, 'AMEERPET', '2015-08-23 01:39:34'),
(3, 1, 'BODHAN', '2015-08-23 01:39:34'),
(4, 1, 'BORABANDA', '2015-08-23 01:39:34'),
(5, 1, 'BORGAON (AP)', '2015-08-23 01:39:34'),
(6, 1, 'BUCHIRAJUPALEM', '2015-08-23 01:39:34'),
(7, 1, 'CHAM PAPET', '2015-08-23 01:39:34'),
(8, 1, 'CHINTALKUNTA', '2015-08-23 01:39:34'),
(9, 1, 'CHITTOOR', '2015-08-23 01:39:34'),
(10, 1, 'DICHPALLY', '2015-08-23 01:39:34'),
(11, 1, 'DILSUKH NAGAR', '2015-08-23 01:39:34'),
(12, 1, 'ECIL', '2015-08-23 01:39:34'),
(13, 1, 'GOSHAMAHAL', '2015-08-23 01:39:34'),
(14, 1, 'HYDERABAAD', '2015-08-23 01:39:34'),
(15, 1, 'HYDERABAD', '2015-08-23 01:39:34'),
(16, 1, 'KAMAREDDY', '2015-08-23 01:39:34'),
(17, 1, 'KARIMNAGAR', '2015-08-23 01:39:34'),
(18, 1, 'KHAMMAM', '2015-08-23 01:39:34'),
(19, 1, 'KODAD', '2015-08-23 01:39:34'),
(20, 1, 'KOTHAGUDEM', '2015-08-23 01:39:34'),
(21, 1, 'KUKATPALLY', '2015-08-23 01:39:34'),
(22, 1, 'L.B.NAGAR', '2015-08-23 01:39:34'),
(23, 1, 'MAHBUNAGAR', '2015-08-23 01:39:34'),
(24, 1, 'MAMIDIPALLY', '2015-08-23 01:39:34'),
(25, 1, 'MEDIPALLY', '2015-08-23 01:39:34'),
(26, 1, 'MOOSAPET', '2015-08-23 01:39:34'),
(27, 1, 'MUBARAKNAGER', '2015-08-23 01:39:34'),
(28, 1, 'MUSHEERABAD', '2015-08-23 01:39:34'),
(29, 1, 'NADPALLY', '2015-08-23 01:39:34'),
(30, 1, 'NAGOLE', '2015-08-23 01:39:34'),
(31, 1, 'NAIDUPALEM', '2015-08-23 01:39:34'),
(32, 1, 'NARSAPUR', '2015-08-23 01:39:34'),
(33, 1, 'NELLORE', '2015-08-23 01:39:34'),
(34, 1, 'NIRMAL', '2015-08-23 01:39:34'),
(35, 1, 'NIZAMABAD', '2015-08-23 01:39:34'),
(36, 1, 'PATANCHERU', '2015-08-23 01:39:34'),
(37, 1, 'PERKIT', '2015-08-23 01:39:34'),
(38, 1, 'RAMCHANDRAPURAM', '2015-08-23 01:39:34'),
(39, 1, 'SANATHNAGAR', '2015-08-23 01:39:34'),
(40, 1, 'SECUNDERABAD', '2015-08-23 01:39:34'),
(41, 1, 'SULLURPETA', '2015-08-23 01:39:34'),
(42, 1, 'TIRUPATI', '2015-08-23 01:39:34'),
(43, 1, 'UPPAL', '2015-08-23 01:39:34'),
(44, 1, 'VARADAIAHPALEM', '2015-08-23 01:39:34'),
(45, 1, 'VIJAYAWADA', '2015-08-23 01:39:34'),
(46, 1, 'VISAKHAPATNAM', '2015-08-23 01:39:34'),
(47, 1, 'WARANGAL', '2015-08-23 01:39:34'),
(48, 1, 'YELLAREDDY', '2015-08-23 01:39:34'),
(152, 2, 'RAJIM', '2015-08-23 10:25:35'),
(151, 2, 'RAIPUR', '2015-08-23 10:25:35'),
(150, 2, 'NAYAPRARAJIM', '2015-08-23 10:25:35'),
(149, 2, 'NANDRA MOTA', '2015-08-23 10:25:35'),
(148, 2, 'MUNOLI BILASPUR', '2015-08-23 10:25:35'),
(147, 2, 'MOVA', '2015-08-23 10:25:35'),
(146, 2, 'MAHASAMUD', '2015-08-23 10:25:35'),
(145, 2, 'KUMHARI', '2015-08-23 10:25:35'),
(144, 2, 'KUMARI', '2015-08-23 10:25:35'),
(143, 2, 'KORBA', '2015-08-23 10:25:35'),
(142, 2, 'KONDGAO (SAKHARPA)', '2015-08-23 10:25:35'),
(141, 2, 'KONDAGAON', '2015-08-23 10:25:35'),
(140, 2, 'KHAMATRAI', '2015-08-23 10:25:35'),
(139, 2, 'KAWARDHA', '2015-08-23 10:25:35'),
(138, 2, 'JANAKPUR', '2015-08-23 10:25:35'),
(137, 2, 'JAGDALPUR', '2015-08-23 10:25:35'),
(136, 2, 'HAZARIBAGH', '2015-08-23 10:25:35'),
(135, 2, 'GOPALPUR', '2015-08-23 10:25:35'),
(134, 2, 'FAFADIH', '2015-08-23 10:25:35'),
(133, 2, 'DURGAPUR', '2015-08-23 10:25:35'),
(132, 2, 'DURG', '2015-08-23 10:25:35'),
(131, 2, 'DEVENDRANAGAR', '2015-08-23 10:25:35'),
(130, 2, 'CHAMPA', '2015-08-23 10:25:35'),
(129, 2, 'BILASPUR', '2015-08-23 10:25:35'),
(128, 2, 'BHILAI', '2015-08-23 10:25:35'),
(127, 2, 'BHATAPARA', '2015-08-23 10:25:35'),
(126, 2, 'BHANPURI (BIRGAOV)', '2015-08-23 10:25:35'),
(125, 2, 'BHANPURI', '2015-08-23 10:25:35'),
(124, 2, 'BASTAR', '2015-08-23 10:25:35'),
(123, 2, 'BAROUDA', '2015-08-23 10:25:35'),
(122, 2, 'BALOD', '2015-08-23 10:25:35'),
(121, 2, 'ABHANPUR', '2015-08-23 10:25:35'),
(153, 2, 'RAJNANDGAON', '2015-08-23 10:25:35'),
(154, 2, 'RAMPURA (CHHATTISGARH)', '2015-08-23 10:25:35'),
(155, 2, 'SIRGIDDI', '2015-08-23 10:25:35'),
(156, 2, 'VIJAYNAGAR', '2015-08-23 10:25:35'),
(157, 3, 'ARAMBAGH', '2015-08-23 10:31:09'),
(158, 3, 'BAGHATI', '2015-08-23 10:31:09'),
(159, 3, 'BAIDYABATI', '2015-08-23 10:31:09'),
(160, 3, 'BARASAT', '2015-08-23 10:31:09'),
(161, 3, 'BARRACKPORE', '2015-08-23 10:31:09'),
(162, 3, 'BELDA', '2015-08-23 10:31:09'),
(163, 3, 'BELIATORE', '2015-08-23 10:31:09'),
(164, 3, 'BIKNA', '2015-08-23 10:31:09'),
(165, 3, 'CHANDRAKONA ROAD', '2015-08-23 10:31:09'),
(166, 3, 'DANKUNI', '2015-08-23 10:31:09'),
(167, 3, 'DOMJUR', '2015-08-23 10:31:09'),
(168, 3, 'GHUSHRI', '2015-08-23 10:31:09'),
(169, 3, 'GUSHRI', '2015-08-23 10:31:09'),
(170, 3, 'HARIPAL', '2015-08-23 10:31:09'),
(171, 3, 'HARPUR', '2015-08-23 10:31:09'),
(172, 3, 'HAZRA', '2015-08-23 10:31:09'),
(173, 3, 'HINDMOTOR', '2015-08-23 10:31:09'),
(174, 3, 'HOOGHLY', '2015-08-23 10:31:09'),
(175, 3, 'HOWRAH', '2015-08-23 10:31:09'),
(176, 3, 'JAMALPUR', '2015-08-23 10:31:09'),
(177, 3, 'KALINDI', '2015-08-23 10:31:09'),
(178, 3, 'KALITALA', '2015-08-23 10:31:09'),
(179, 3, 'KHIRPAI', '2015-08-23 10:31:09'),
(180, 3, 'KOLKATA', '2015-08-23 10:31:09'),
(181, 3, 'KOTALPUR', '2015-08-23 10:31:09'),
(182, 3, 'MAGRA', '2015-08-23 10:31:09'),
(183, 3, 'MEMARI', '2015-08-23 10:31:09'),
(184, 3, 'MOSAT', '2015-08-23 10:31:09'),
(185, 3, 'NADIA', '2015-08-23 10:31:09'),
(186, 3, 'NAKTALA', '2015-08-23 10:31:09'),
(187, 3, 'NALIKUL', '2015-08-23 10:31:09'),
(188, 3, 'NANDA', '2015-08-23 10:31:09'),
(189, 3, 'NARENDRAPUR', '2015-08-23 10:31:09'),
(190, 3, 'PANDUA', '2015-08-23 10:31:09'),
(191, 3, 'PATRASAYER', '2015-08-23 10:31:09'),
(192, 3, 'REHMAN PARA', '2015-08-23 10:31:09'),
(193, 3, 'SALKIA', '2015-08-23 10:31:09'),
(194, 3, 'SERAMPORE', '2015-08-23 10:31:09'),
(195, 3, 'SHEAKHALA', '2015-08-23 10:31:09'),
(196, 3, 'SONAMUKHI', '2015-08-23 10:31:09'),
(197, 3, 'SUE KALNA', '2015-08-23 10:31:09'),
(198, 3, 'TARAKESHWAR', '2015-08-23 10:31:09'),
(199, 3, 'TETULTALA', '2015-08-23 10:31:09'),
(200, 3, 'TRIBENI', '2015-08-23 10:31:09'),
(201, 3, 'UTTARPARA', '2015-08-23 10:31:09'),
(202, 4, 'ARSIKERE', '2015-08-23 10:36:03'),
(203, 4, 'ATTIBELE', '2015-08-23 10:36:03'),
(204, 4, 'BANGARPET', '2015-08-23 10:36:03'),
(205, 4, 'BELAGUR', '2015-08-23 10:36:03'),
(206, 4, 'BELANDUR', '2015-08-23 10:36:03'),
(207, 4, 'BELLATOOR', '2015-08-23 10:36:03'),
(208, 4, 'BENGALURU (BANGALORE)', '2015-08-23 10:36:03'),
(209, 4, 'BHADRAVATI', '2015-08-23 10:36:03'),
(210, 4, 'BHANGARPET', '2015-08-23 10:36:03'),
(211, 4, 'BHEEMASAMUDRA', '2015-08-23 10:36:03'),
(212, 4, 'BRAMAVAR', '2015-08-23 10:36:03'),
(213, 4, 'CHALLAKERE', '2015-08-23 10:36:03'),
(214, 4, 'CHANNARAYAPATNA', '2015-08-23 10:36:03'),
(215, 4, 'CHIKJAJUR', '2015-08-23 10:36:03'),
(216, 4, 'CHIKMAGALUR', '2015-08-23 10:36:03'),
(217, 4, 'CHITRADURG', '2015-08-23 10:36:03'),
(218, 4, 'CHITRADURGA', '2015-08-23 10:36:03'),
(219, 4, 'DABASPET', '2015-08-23 10:36:03'),
(220, 4, 'DAVANGERE', '2015-08-23 10:36:03'),
(221, 4, 'DEVANALLI', '2015-08-23 10:36:03'),
(222, 4, 'DEVAPURADAHATTI', '2015-08-23 10:36:03'),
(223, 4, 'DODDABALLAPUR', '2015-08-23 10:36:03'),
(224, 4, 'GUBBI', '2015-08-23 10:36:03'),
(225, 4, 'H.CROSS', '2015-08-23 10:36:03'),
(226, 4, 'HARAPANAHALLI', '2015-08-23 10:36:03'),
(227, 4, 'HARIHAR', '2015-08-23 10:36:03'),
(228, 4, 'HASADURGA', '2015-08-23 10:36:03'),
(229, 4, 'HASSAN', '2015-08-23 10:36:03'),
(230, 4, 'HIRIYUR', '2015-08-23 10:36:03'),
(231, 4, 'HOLALKERE', '2015-08-23 10:36:03'),
(232, 4, 'HOLOVANALLI', '2015-08-23 10:36:03'),
(233, 4, 'HOSADURGA', '2015-08-23 10:36:03'),
(234, 4, 'HOSKOTE', '2015-08-23 10:36:03'),
(235, 4, 'K M DODDI', '2015-08-23 10:36:03'),
(236, 4, 'KADANKOPPA', '2015-08-23 10:36:03'),
(237, 4, 'KADUR', '2015-08-23 10:36:03'),
(238, 4, 'KANNAMANAKI', '2015-08-23 10:36:03'),
(239, 4, 'KOLAR', '2015-08-23 10:36:03'),
(240, 4, 'KORATAGERE', '2015-08-23 10:36:03'),
(241, 4, 'KOTESWARA', '2015-08-23 10:36:03'),
(242, 4, 'KUNIGAL', '2015-08-23 10:36:03'),
(243, 4, 'LINGANAKOPPA', '2015-08-23 10:36:03'),
(244, 4, 'MADDUR', '2015-08-23 10:36:03'),
(245, 4, 'MADENALLI', '2015-08-23 10:36:03'),
(246, 4, 'MADHUGIRI', '2015-08-23 10:36:03'),
(247, 4, 'MAGADI', '2015-08-23 10:36:03'),
(248, 4, 'MALANAD', '2015-08-23 10:36:03'),
(249, 4, 'MALUR', '2015-08-23 10:36:03'),
(250, 4, 'MALVALLI', '2015-08-23 10:36:03'),
(251, 4, 'MANDYA', '2015-08-23 10:36:03'),
(252, 4, 'MANGALORE', '2015-08-23 10:36:03'),
(253, 4, 'MARATALLI', '2015-08-23 10:36:03'),
(254, 4, 'MULBAGAL', '2015-08-23 10:36:03'),
(255, 4, 'MULKY', '2015-08-23 10:36:03'),
(256, 4, 'MUNDGOD', '2015-08-23 10:36:03'),
(257, 4, 'MYSORE', '2015-08-23 10:36:03'),
(258, 4, 'NELAMANGALA', '2015-08-23 10:36:03'),
(259, 4, 'NELMANGALA', '2015-08-23 10:36:03'),
(260, 4, 'NGASANDRA', '2015-08-23 10:36:03'),
(261, 4, 'ODERHALLI', '2015-08-23 10:36:03'),
(262, 4, 'PADUBIDRI', '2015-08-23 10:36:03'),
(263, 4, 'PARKALA', '2015-08-23 10:36:03'),
(264, 4, 'RAMANAGAR ( LONDA)', '2015-08-23 10:36:03'),
(265, 4, 'RAMANAGARA', '2015-08-23 10:36:03'),
(266, 4, 'RAMGIRI', '2015-08-23 10:36:03'),
(267, 4, 'ROBERTSON', '2015-08-23 10:36:03'),
(268, 4, 'ROBERTSON PET', '2015-08-23 10:36:03'),
(269, 4, 'SALIGRAM', '2015-08-23 10:36:03'),
(270, 4, 'SANTHEBENNUR', '2015-08-23 10:36:03'),
(271, 4, 'SHIMOGA', '2015-08-23 10:36:03'),
(272, 4, 'SIRA', '2015-08-23 10:36:03'),
(273, 4, 'SRINIVASPURA', '2015-08-23 10:36:03'),
(274, 4, 'SRIRAMPURA', '2015-08-23 10:36:03'),
(275, 4, 'THEKATTE', '2015-08-23 10:36:03'),
(276, 4, 'TIPTUR', '2015-08-23 10:36:03'),
(277, 4, 'TUMKUR', '2015-08-23 10:36:03'),
(278, 4, 'TURUVEKERE', '2015-08-23 10:36:03'),
(279, 4, 'UDUPI', '2015-08-23 10:36:03'),
(280, 4, 'UPPUNDA', '2015-08-23 10:36:03'),
(281, 4, 'VEMGAL', '2015-08-23 10:36:03'),
(282, 4, 'WHITE FIELD', '2015-08-23 10:36:03'),
(283, 4, 'YADWAD', '2015-08-23 10:36:03'),
(284, 5, 'AAIYER', '2015-08-23 10:43:21'),
(285, 5, 'AAMARA', '2015-08-23 10:43:21'),
(286, 5, 'ADIPUR', '2015-08-23 10:43:21'),
(287, 5, 'AMARGADH', '2015-08-23 10:43:21'),
(288, 5, 'AMARPUR (JADODAR)', '2015-08-23 10:43:21'),
(289, 5, 'AMRADI', '2015-08-23 10:43:21'),
(290, 5, 'ANANDPAR', '2015-08-23 10:43:21'),
(291, 5, 'ANANDSAR', '2015-08-23 10:43:21'),
(292, 5, 'ANANDSAR (MANJAL)', '2015-08-23 10:43:21'),
(293, 5, 'ANANDSAR (VITHON)', '2015-08-23 10:43:21'),
(294, 5, 'ANJAR', '2015-08-23 10:43:21'),
(295, 5, 'BERAIYA', '2015-08-23 10:43:21'),
(296, 5, 'BHACHAU', '2015-08-23 10:43:21'),
(297, 5, 'BHADLI', '2015-08-23 10:43:21'),
(298, 5, 'BHAIED', '2015-08-23 10:43:21'),
(299, 5, 'BHARAPAR', '2015-08-23 10:43:21'),
(300, 5, 'BHERAIYA', '2015-08-23 10:43:21'),
(301, 5, 'BHITARA', '2015-08-23 10:43:21'),
(302, 5, 'BHUJ', '2015-08-23 10:43:21'),
(303, 5, 'BHUJPUR', '2015-08-23 10:43:21'),
(304, 5, 'BIDADA', '2015-08-23 10:43:21'),
(305, 5, 'CHAVADKA', '2015-08-23 10:43:21'),
(306, 5, 'DARASHADI', '2015-08-23 10:43:21'),
(307, 5, 'DARSDI', '2015-08-23 10:43:21'),
(308, 5, 'DAYAPAR', '2015-08-23 10:43:21'),
(309, 5, 'DESHALPAR', '2015-08-23 10:43:21'),
(310, 5, 'DESHALPAR (GUNTALI)', '2015-08-23 10:43:21'),
(311, 5, 'DEVALPAR (VANDHAY)', '2015-08-23 10:43:21'),
(312, 5, 'DEVISAR', '2015-08-23 10:43:21'),
(313, 5, 'DEVPAR (YAKS)', '2015-08-23 10:43:21'),
(314, 5, 'DEVPAR GADH', '2015-08-23 10:43:21'),
(315, 5, 'DHANBAGH BHADLI', '2015-08-23 10:43:21'),
(316, 5, 'DHARESHI', '2015-08-23 10:43:21'),
(317, 5, 'DHAVADA', '2015-08-23 10:43:21'),
(318, 5, 'DHAVDA (MOTA)', '2015-08-23 10:43:21'),
(319, 5, 'DOLATPAR', '2015-08-23 10:43:21'),
(320, 5, 'DUJAPUR', '2015-08-23 10:43:21'),
(321, 5, 'DUMRAL', '2015-08-23 10:43:21'),
(322, 5, 'DURGAPAR', '2015-08-23 10:43:21'),
(323, 5, 'FARADI', '2015-08-23 10:43:21'),
(324, 5, 'GADHSHISHA', '2015-08-23 10:43:21'),
(325, 5, 'GADHSISA', '2015-08-23 10:43:21'),
(326, 5, 'GADULI', '2015-08-23 10:43:21'),
(327, 5, 'GANDHIDHAM', '2015-08-23 10:43:21'),
(328, 5, 'GANDHIGRAM (KHAIYAKHAD)', '2015-08-23 10:43:21'),
(329, 5, 'GANGAPAR', '2015-08-23 10:43:21'),
(330, 5, 'GHADANI NAKHATRANA', '2015-08-23 10:43:21'),
(331, 5, 'GODHARA- KUTCH', '2015-08-23 10:43:21'),
(332, 5, 'GUNATITPUR', '2015-08-23 10:43:21'),
(333, 5, 'GUNDALA', '2015-08-23 10:43:21'),
(334, 5, 'GUNDIYALI', '2015-08-23 10:43:21'),
(335, 5, 'HARIPURA', '2015-08-23 10:43:21'),
(336, 5, 'HARIPURA (NIRONA)', '2015-08-23 10:43:21'),
(337, 5, 'JAMTHADA', '2015-08-23 10:43:21'),
(338, 5, 'JATAVIRA', '2015-08-23 10:43:21'),
(339, 5, 'JINJAY', '2015-08-23 10:43:21'),
(340, 5, 'JIYAPAR', '2015-08-23 10:43:21'),
(341, 5, 'JUNAVAS MADHAPAR', '2015-08-23 10:43:21'),
(342, 5, 'KADIA (MOTA)', '2015-08-23 10:43:21'),
(343, 5, 'KADIA (NANA)', '2015-08-23 10:43:21'),
(344, 5, 'KALYANPAR', '2015-08-23 10:43:21'),
(345, 5, 'KAMLA', '2015-08-23 10:43:21'),
(346, 5, 'KANAKPUR', '2015-08-23 10:43:21'),
(347, 5, 'KANDAY', '2015-08-23 10:43:21'),
(348, 5, 'KHAMBHARA', '2015-08-23 10:43:21'),
(349, 5, 'KHANDOI', '2015-08-23 10:43:21'),
(350, 5, 'KHEDOI', '2015-08-23 10:43:21'),
(351, 5, 'KHIRSARA (ROHA)', '2015-08-23 10:43:21'),
(352, 5, 'KHIRSARA - NETRA', '2015-08-23 10:43:21'),
(353, 5, 'KHOMBHDI', '2015-08-23 10:43:21'),
(354, 5, 'KOTADA (BHUJ)', '2015-08-23 10:43:21'),
(355, 5, 'KOTADA CHAKAR (BHUJ)', '2015-08-23 10:43:21'),
(356, 5, 'KOTDA', '2015-08-23 10:43:21'),
(357, 5, 'KOTDA (CHAKAR)', '2015-08-23 10:43:21'),
(358, 5, 'KOTDA (JADODAR)', '2015-08-23 10:43:21'),
(359, 5, 'KOTDA JUNAVAAS', '2015-08-23 10:43:21'),
(360, 5, 'KOTDA MANDVI', '2015-08-23 10:43:21'),
(361, 5, 'KOTHARA', '2015-08-23 10:43:21'),
(362, 5, 'KUKMA', '2015-08-23 10:43:21'),
(363, 5, 'KURBAI', '2015-08-23 10:43:21'),
(364, 5, 'KUTCH', '2015-08-23 10:43:21'),
(365, 5, 'LAKHOND', '2015-08-23 10:43:21'),
(366, 5, 'LAKSHMIPAR (TARA)', '2015-08-23 10:43:21'),
(367, 5, 'LAXMIPAR (NETRA)', '2015-08-23 10:43:21'),
(368, 5, 'LAYJA MOTA', '2015-08-23 10:43:21'),
(369, 5, 'LAYJA NANA', '2015-08-23 10:43:21'),
(370, 5, 'LAYJA-GODHARA (MANDAVI)', '2015-08-23 10:43:21'),
(371, 5, 'LUDAVA', '2015-08-23 10:43:21'),
(372, 5, 'MADANPURA', '2015-08-23 10:43:21'),
(373, 5, 'MADHAPAR', '2015-08-23 10:43:21'),
(374, 5, 'MADHAPAR (MANJAL)', '2015-08-23 10:43:21'),
(375, 5, 'MADHAPAR NAVAVAS', '2015-08-23 10:43:21'),
(376, 5, 'MAHANPURA', '2015-08-23 10:43:21'),
(377, 5, 'MAMAIMORA', '2015-08-23 10:43:21'),
(378, 5, 'MANDAL', '2015-08-23 10:43:21'),
(379, 5, 'MANDVI', '2015-08-23 10:43:21'),
(380, 5, 'MANGVANA', '2015-08-23 10:43:21'),
(381, 5, 'MANIPAR', '2015-08-23 10:43:21'),
(382, 5, 'MANKUVA', '2015-08-23 10:43:21'),
(383, 5, 'MANUKVA', '2015-08-23 10:43:21'),
(384, 5, 'MATANAMADHHA', '2015-08-23 10:43:21'),
(385, 5, 'MATHAL', '2015-08-23 10:43:21'),
(386, 5, 'MERAU', '2015-08-23 10:43:21'),
(387, 5, 'MORGAR', '2015-08-23 10:43:21'),
(388, 5, 'MOTA RATADIYA', '2015-08-23 10:43:21'),
(389, 5, 'MOTI - VIRANI', '2015-08-23 10:43:21'),
(390, 5, 'MOTI KHAKHR', '2015-08-23 10:43:21'),
(391, 5, 'MOTI KHEDOI', '2015-08-23 10:43:21'),
(392, 5, 'MOTI RAYAN', '2015-08-23 10:43:21'),
(393, 5, 'MUNDRA', '2015-08-23 10:43:21'),
(394, 5, 'NAGALPAR', '2015-08-23 10:43:21'),
(395, 5, 'NAGVIRI', '2015-08-23 10:43:21'),
(396, 5, 'NAKHATRANA', '2015-08-23 10:43:21'),
(397, 5, 'NALIYA', '2015-08-23 10:43:21'),
(398, 5, 'NANA ANGIA', '2015-08-23 10:43:21'),
(399, 5, 'NANA ANGIYA', '2015-08-23 10:43:21'),
(400, 5, 'NANA BHADIYA', '2015-08-23 10:43:21'),
(401, 5, 'NANI ARAL', '2015-08-23 10:43:21'),
(402, 5, 'NANI VIRANI', '2015-08-23 10:43:21'),
(403, 5, 'NARANPAR', '2015-08-23 10:43:21'),
(404, 5, 'NARANPURA', '2015-08-23 10:43:21'),
(405, 5, 'NAVAVAAS MADHAPAR', '2015-08-23 10:43:21'),
(406, 5, 'NAVAVAS', '2015-08-23 10:43:21'),
(407, 5, 'NAVI MANJAL', '2015-08-23 10:43:21'),
(408, 5, 'NEAR RAVAPAR', '2015-08-23 10:43:21'),
(409, 5, 'NETRA MATAJI', '2015-08-23 10:43:21'),
(410, 5, 'PADAMPUR', '2015-08-23 10:43:21'),
(411, 5, 'PALANPUR BADI', '2015-08-23 10:43:21'),
(412, 5, 'PALIVAD', '2015-08-23 10:43:21'),
(413, 5, 'PALIYAD', '2015-08-23 10:43:21'),
(414, 5, 'PANTIYA', '2015-08-23 10:43:21'),
(415, 5, 'PARAVDA', '2015-08-23 10:43:21'),
(416, 5, 'PARVATA', '2015-08-23 10:43:21'),
(417, 5, 'RAJPAR', '2015-08-23 10:43:21'),
(418, 5, 'RAMAPAR (ROHA)', '2015-08-23 10:43:21'),
(419, 5, 'RAMPAR', '2015-08-23 10:43:21'),
(420, 5, 'RAMPAR (NETRA)', '2015-08-23 10:43:21'),
(421, 5, 'RATADIYA', '2015-08-23 10:43:21'),
(422, 5, 'RATADIYA (GANESHVALA)', '2015-08-23 10:43:21'),
(423, 5, 'RATNAPAR (MAU)', '2015-08-23 10:43:21'),
(424, 5, 'RAVAPAR', '2015-08-23 10:43:21'),
(425, 5, 'RAYAN MOTI', '2015-08-23 10:43:21'),
(426, 5, 'SANGANER', '2015-08-23 10:43:21'),
(427, 5, 'SANGNARA', '2015-08-23 10:43:21'),
(428, 5, 'SANYARA (YAX)', '2015-08-23 10:43:21'),
(429, 5, 'SAYRO', '2015-08-23 10:43:21'),
(430, 5, 'SHRI RAMNAGAR', '2015-08-23 10:43:21'),
(431, 5, 'SIYOT', '2015-08-23 10:43:21'),
(432, 5, 'SUKHPAR (ROHA)', '2015-08-23 10:43:21'),
(433, 5, 'THARAD', '2015-08-23 10:43:21'),
(434, 5, 'THARAVADA', '2015-08-23 10:43:21'),
(435, 5, 'THARAWDA (VARLI)', '2015-08-23 10:43:21'),
(436, 5, 'THRAVDI', '2015-08-23 10:43:21'),
(437, 5, 'UGEDI', '2015-08-23 10:43:21'),
(438, 5, 'VADAVA - KANYA', '2015-08-23 10:43:21'),
(439, 5, 'VADVA (KAYA)', '2015-08-23 10:43:21'),
(440, 5, 'VADVA KAMPA', '2015-08-23 10:43:21'),
(441, 5, 'VARJADI', '2015-08-23 10:43:21'),
(442, 5, 'VARSANA', '2015-08-23 10:43:21'),
(443, 5, 'VESALPAR', '2015-08-23 10:43:21'),
(444, 5, 'VIBHAPAR', '2015-08-23 10:43:21'),
(445, 5, 'VIGODI', '2015-08-23 10:43:21'),
(446, 5, 'VIRANI', '2015-08-23 10:43:21'),
(447, 5, 'VIRANI MOTI', '2015-08-23 10:43:21'),
(448, 5, 'VIRANI NANI', '2015-08-23 10:43:21'),
(449, 5, 'VITHAN MANKUVA', '2015-08-23 10:43:21'),
(450, 5, 'VITHON', '2015-08-23 10:43:21'),
(451, 6, 'BADWAH', '2015-08-23 10:46:08'),
(452, 6, 'BALAGHAT', '2015-08-23 10:46:08'),
(453, 6, 'BETUL', '2015-08-23 10:46:08'),
(454, 6, 'BHOPAL', '2015-08-23 10:46:08'),
(455, 6, 'BURHANPUR', '2015-08-23 10:46:08'),
(456, 6, 'CHHINDWARA', '2015-08-23 10:46:08'),
(457, 6, 'HARDA', '2015-08-23 10:46:08'),
(458, 6, 'INDORE', '2015-08-23 10:46:08'),
(459, 6, 'ITARASI', '2015-08-23 10:46:08'),
(460, 6, 'JABALPUR', '2015-08-23 10:46:08'),
(461, 6, 'JAORA', '2015-08-23 10:46:08'),
(462, 6, 'KATNI', '2015-08-23 10:46:08'),
(463, 6, 'KHANDWA', '2015-08-23 10:46:08'),
(464, 6, 'KHATEGAON', '2015-08-23 10:46:08'),
(465, 6, 'KHIRKIYA', '2015-08-23 10:46:08'),
(466, 6, 'NAGDA', '2015-08-23 10:46:08'),
(467, 6, 'NANASA', '2015-08-23 10:46:08'),
(468, 6, 'NAVLAKHA', '2015-08-23 10:46:08'),
(469, 6, 'RAVER', '2015-08-23 10:46:08'),
(470, 6, 'SAGAR', '2015-08-23 10:46:08'),
(471, 6, 'SAUSAR', '2015-08-23 10:46:08'),
(472, 6, 'SURAJGANJ', '2015-08-23 10:46:08'),
(473, 6, 'UJJAIN', '2015-08-23 10:46:08'),
(474, 7, 'AHMEDNAGAR', '2015-08-23 10:53:48'),
(475, 7, 'AHMEDPUR', '2015-08-23 10:53:48'),
(476, 7, 'AKURDI', '2015-08-23 10:53:48'),
(477, 7, 'ALIBAG', '2015-08-23 10:53:48'),
(478, 7, 'AMBEJOGAI', '2015-08-23 10:53:48'),
(479, 7, 'ASHTI', '2015-08-23 10:53:48'),
(480, 7, 'AUNDH', '2015-08-23 10:53:48'),
(481, 7, 'AURANGABAD', '2015-08-23 10:53:48'),
(482, 7, 'AVERSA', '2015-08-23 10:53:48'),
(483, 7, 'BABHALESHWAR', '2015-08-23 10:53:48'),
(484, 7, 'BALAPUR', '2015-08-23 10:53:48'),
(485, 7, 'BALINGE', '2015-08-23 10:53:48'),
(486, 7, 'BARWAH', '2015-08-23 10:53:48'),
(487, 7, 'BEED', '2015-08-23 10:53:48'),
(488, 7, 'BHAYANDER (E)', '2015-08-23 10:53:48'),
(489, 7, 'BHOKARDAN', '2015-08-23 10:53:48'),
(490, 7, 'BHOMA', '2015-08-23 10:53:48'),
(491, 7, 'BHOR', '2015-08-23 10:53:48'),
(492, 7, 'BHOSARI', '2015-08-23 10:53:48'),
(493, 7, 'BHOSTE', '2015-08-23 10:53:48'),
(494, 7, 'BHUSAWAL (MAHARASTRA)', '2015-08-23 10:53:48'),
(495, 7, 'BODWAD', '2015-08-23 10:53:48'),
(496, 7, 'BOISAR', '2015-08-23 10:53:48'),
(497, 7, 'BURAMBAD', '2015-08-23 10:53:48'),
(498, 7, 'BYADGI', '2015-08-23 10:53:48'),
(499, 7, 'CHAKAN', '2015-08-23 10:53:48'),
(500, 7, 'CHALISGAON', '2015-08-23 10:53:48'),
(501, 7, 'CHANDORI', '2015-08-23 10:53:48'),
(502, 7, 'CHARNI ROADWEST', '2015-08-23 10:53:48'),
(503, 7, 'CHOPADA', '2015-08-23 10:53:48'),
(504, 7, 'DHAWALIM', '2015-08-23 10:53:48'),
(505, 7, 'DHULIA', '2015-08-23 10:53:48'),
(506, 7, 'DUTTANAGAR', '2015-08-23 10:53:48'),
(507, 7, 'GANGAKHED', '2015-08-23 10:53:48'),
(508, 7, 'GANGAPUR', '2015-08-23 10:53:48'),
(509, 7, 'GEVRAI', '2015-08-23 10:53:48'),
(510, 7, 'GHATKOPAR (W)', '2015-08-23 10:53:48'),
(511, 7, 'GHODEGOAN', '2015-08-23 10:53:48'),
(512, 7, 'GHOTI', '2015-08-23 10:53:48'),
(513, 7, 'GOREGAON', '2015-08-23 10:53:48'),
(514, 7, 'HADAPSAR', '2015-08-23 10:53:48'),
(515, 7, 'HARTALI', '2015-08-23 10:53:48'),
(516, 7, 'JALGAON', '2015-08-23 10:53:48'),
(517, 7, 'JALGAON (KHANDESH)', '2015-08-23 10:53:48'),
(518, 7, 'JALNA', '2015-08-23 10:53:48'),
(519, 7, 'JUNNAR', '2015-08-23 10:53:48'),
(520, 7, 'KADA', '2015-08-23 10:53:48'),
(521, 7, 'KALAMB', '2015-08-23 10:53:48'),
(522, 7, 'KHOPOLI', '2015-08-23 10:53:48'),
(523, 7, 'KOLHAR', '2015-08-23 10:53:48'),
(524, 7, 'KOPARGAON', '2015-08-23 10:53:48'),
(525, 7, 'KOREGAON', '2015-08-23 10:53:48'),
(526, 7, 'KOTHRUD', '2015-08-23 10:53:48'),
(527, 7, 'KURDUWADI', '2015-08-23 10:53:48'),
(528, 7, 'LASALGAV', '2015-08-23 10:53:48'),
(529, 7, 'LASUR STATION', '2015-08-23 10:53:48'),
(530, 7, 'LATUR', '2015-08-23 10:53:48'),
(531, 7, 'LONI', '2015-08-23 10:53:48'),
(532, 7, 'MALEGAON', '2015-08-23 10:53:48'),
(533, 7, 'MANCHAR', '2015-08-23 10:53:48'),
(534, 7, 'MANCHER', '2015-08-23 10:53:48'),
(535, 7, 'MANGAON', '2015-08-23 10:53:48'),
(536, 7, 'MANMAD', '2015-08-23 10:53:48'),
(537, 7, 'MARGATAMHANE', '2015-08-23 10:53:48'),
(538, 7, 'MAUSWADA', '2015-08-23 10:53:48'),
(539, 7, 'MHASAWAD', '2015-08-23 10:53:48'),
(540, 7, 'MUKINDAPUR', '2015-08-23 10:53:48'),
(541, 7, 'NAMPUR', '2015-08-23 10:53:48'),
(542, 7, 'NANDED', '2015-08-23 10:53:48'),
(543, 7, 'NANDGAON', '2015-08-23 10:53:48'),
(544, 7, 'NANDGAON [ KH ]', '2015-08-23 10:53:48'),
(545, 7, 'NANDURBAR', '2015-08-23 10:53:48'),
(546, 7, 'NARANGAON', '2015-08-23 10:53:48'),
(547, 7, 'NASHIK', '2015-08-23 10:53:48'),
(548, 7, 'NASHIKROAD', '2015-08-23 10:53:48'),
(549, 7, 'NAVA MONDHA', '2015-08-23 10:53:48'),
(550, 7, 'NEWASA', '2015-08-23 10:53:48'),
(551, 7, 'NIMBHORA', '2015-08-23 10:53:48'),
(552, 7, 'NIMGAON (KORHALE)', '2015-08-23 10:53:48'),
(553, 7, 'NIPANI WADGAON', '2015-08-23 10:53:48'),
(554, 7, 'NIPHAD', '2015-08-23 10:53:48'),
(555, 7, 'OTUR', '2015-08-23 10:53:48'),
(556, 7, 'OZAR', '2015-08-23 10:53:48'),
(557, 7, 'PACHORA ', '2015-08-23 10:53:48'),
(558, 7, 'PARBHANI', '2015-08-23 10:53:48'),
(559, 7, 'PARITE', '2015-08-23 10:53:48'),
(560, 7, 'PARLA', '2015-08-23 10:53:48'),
(561, 7, 'PAROLA', '2015-08-23 10:53:48'),
(562, 7, 'PILKHOD', '2015-08-23 10:53:48'),
(563, 7, 'PIMPALGAON (B)', '2015-08-23 10:53:48'),
(564, 7, 'PIMPALGAON(B)', '2015-08-23 10:53:48'),
(565, 7, 'RAHATA', '2015-08-23 10:53:48'),
(566, 7, 'RAHURI', '2015-08-23 10:53:48'),
(567, 7, 'RAVAR', '2015-08-23 10:53:48'),
(568, 7, 'SAKURI', '2015-08-23 10:53:48'),
(569, 7, 'SANASWADI', '2015-08-23 10:53:48'),
(570, 7, 'SANGAMNER', '2015-08-23 10:53:48'),
(571, 7, 'SANGVI', '2015-08-23 10:53:48'),
(572, 7, 'SATANA', '2015-08-23 10:53:48'),
(573, 7, 'SAVDA', '2015-08-23 10:53:48'),
(574, 7, 'SAYKHEDA', '2015-08-23 10:53:48'),
(575, 7, 'SHAHADA', '2015-08-23 10:53:48'),
(576, 7, 'SHIKRAPUR', '2015-08-23 10:53:48'),
(577, 7, 'SHINDKHEDA', '2015-08-23 10:53:48'),
(578, 7, 'SHINDKHEDA.', '2015-08-23 10:53:48'),
(579, 7, 'SHIRDI', '2015-08-23 10:53:48'),
(580, 7, 'SHIRPUR', '2015-08-23 10:53:48'),
(581, 7, 'SHIV RAM NAGAR', '2015-08-23 10:53:48'),
(582, 7, 'SHREEWARDHAN', '2015-08-23 10:53:48'),
(583, 7, 'SHRIRAMPUR', '2015-08-23 10:53:48'),
(584, 7, 'SILLOD', '2015-08-23 10:53:48'),
(585, 7, 'SINNAR', '2015-08-23 10:53:48'),
(586, 7, 'SONGIR', '2015-08-23 10:53:48'),
(587, 7, 'SOYGAON', '2015-08-23 10:53:48'),
(588, 7, 'TAKLI', '2015-08-23 10:53:48'),
(589, 7, 'TIS GAON', '2015-08-23 10:53:48'),
(590, 7, 'VADALI BHOI', '2015-08-23 10:53:48'),
(591, 7, 'VADUJ', '2015-08-23 10:53:48'),
(592, 7, 'VAIJAPUR', '2015-08-23 10:53:48'),
(593, 7, 'VANOSHI', '2015-08-23 10:53:48'),
(594, 7, 'VARANGAON', '2015-08-23 10:53:48'),
(595, 7, 'WADALA', '2015-08-23 10:53:48'),
(596, 7, 'WAI', '2015-08-23 10:53:48'),
(597, 7, 'YEOLA', '2015-08-23 10:53:48'),
(598, 8, 'ADALAJ', '2015-08-23 10:58:06'),
(599, 8, 'AHMEDABAD', '2015-08-23 10:58:06'),
(600, 8, 'AMARELI', '2015-08-23 10:58:06'),
(601, 8, 'ATAKOT', '2015-08-23 10:58:06'),
(602, 8, 'BABARA', '2015-08-23 10:58:06'),
(603, 8, 'BADADIYA', '2015-08-23 10:58:06'),
(604, 8, 'BAGASARA', '2015-08-23 10:58:06'),
(605, 8, 'BHAVNAGAR', '2015-08-23 10:58:06'),
(606, 8, 'BOTAD', '2015-08-23 10:58:06'),
(607, 8, 'CHAJPAR', '2015-08-23 10:58:06'),
(608, 8, 'CHITAL', '2015-08-23 10:58:06'),
(609, 8, 'CHOTILA', '2015-08-23 10:58:06'),
(610, 8, 'DAMNAGAR', '2015-08-23 10:58:06'),
(611, 8, 'DHANDHUKA', '2015-08-23 10:58:06'),
(612, 8, 'DHARI', '2015-08-23 10:58:06'),
(613, 8, 'DHOLKA', '2015-08-23 10:58:06'),
(614, 8, 'DHORAJI', '2015-08-23 10:58:06'),
(615, 8, 'DHRANGADHRA', '2015-08-23 10:58:06'),
(616, 8, 'DHROL', '2015-08-23 10:58:06'),
(617, 8, 'DIGBADIYA', '2015-08-23 10:58:06'),
(618, 8, 'DURGHAPUR MANDVI', '2015-08-23 10:58:06'),
(619, 8, 'GEER GHADHADHA', '2015-08-23 10:58:06'),
(620, 8, 'GHANDHINAGAR', '2015-08-23 10:58:06'),
(621, 8, 'GONDAL', '2015-08-23 10:58:06'),
(622, 8, 'HALVAD', '2015-08-23 10:58:06'),
(623, 8, 'JAMJODHPUR', '2015-08-23 10:58:06'),
(624, 8, 'JAMNAGAR', '2015-08-23 10:58:06'),
(625, 8, 'JASDAN', '2015-08-23 10:58:06'),
(626, 8, 'JETPUR', '2015-08-23 10:58:06'),
(627, 8, 'JINDVA', '2015-08-23 10:58:06'),
(628, 8, 'JORAVARNAGAR', '2015-08-23 10:58:06'),
(629, 8, 'JUNAGADH', '2015-08-23 10:58:06'),
(630, 8, 'KADIYANA', '2015-08-23 10:58:06'),
(631, 8, 'KALAVAD', '2015-08-23 10:58:06'),
(632, 8, 'KALIYAVAD', '2015-08-23 10:58:06'),
(633, 8, 'KAMLAPUR', '2015-08-23 10:58:06'),
(634, 8, 'KANBHA', '2015-08-23 10:58:06'),
(635, 8, 'KESHOD', '2015-08-23 10:58:06'),
(636, 8, 'KHAMBHA', '2015-08-23 10:58:06'),
(637, 8, 'KONDH', '2015-08-23 10:58:06'),
(638, 8, 'KUJAD', '2015-08-23 10:58:06'),
(639, 8, 'LATHI', '2015-08-23 10:58:06'),
(640, 8, 'LIMBADI', '2015-08-23 10:58:06'),
(641, 8, 'MALIYAHATINA', '2015-08-23 10:58:06'),
(642, 8, 'MANAVADAR', '2015-08-23 10:58:06'),
(643, 8, 'MANEKPARA', '2015-08-23 10:58:06'),
(644, 8, 'MANGROL', '2015-08-23 10:58:06'),
(645, 8, 'MORBI', '2015-08-23 10:58:06'),
(646, 8, 'MOTA LALIYA', '2015-08-23 10:58:06'),
(647, 8, 'MOTI KUKAVAV', '2015-08-23 10:58:06'),
(648, 8, 'MOTIMARD', '2015-08-23 10:58:06'),
(649, 8, 'PALITANA', '2015-08-23 10:58:06'),
(650, 8, 'PALLAIYA', '2015-08-23 10:58:06'),
(651, 8, 'RAJKOT', '2015-08-23 10:58:06'),
(652, 8, 'RAJULA', '2015-08-23 10:58:06'),
(653, 8, 'SADHAR', '2015-08-23 10:58:06'),
(654, 8, 'SANAND', '2015-08-23 10:58:06'),
(655, 8, 'SARAMBHADA', '2015-08-23 10:58:06'),
(656, 8, 'SARDHAR', '2015-08-23 10:58:06'),
(657, 8, 'SASANGIR', '2015-08-23 10:58:06'),
(658, 8, 'SAVARKUNDALA', '2015-08-23 10:58:06'),
(659, 8, 'SHIHOR', '2015-08-23 10:58:06'),
(660, 8, 'SHIVAPURA KAMPA', '2015-08-23 10:58:06'),
(661, 8, 'SHIVPURAKAMPA', '2015-08-23 10:58:06'),
(662, 8, 'SURENDRANAGAR', '2015-08-23 10:58:06'),
(663, 8, 'TALALA', '2015-08-23 10:58:06'),
(664, 8, 'TANKARA', '2015-08-23 10:58:06'),
(665, 8, 'THANGRADH', '2015-08-23 10:58:06'),
(666, 8, 'TIMBI', '2015-08-23 10:58:06'),
(667, 8, 'UNA', '2015-08-23 10:58:06'),
(668, 8, 'UPALETA', '2015-08-23 10:58:06'),
(669, 8, 'VADIYA', '2015-08-23 10:58:06'),
(670, 8, 'VANKANER', '2015-08-23 10:58:06'),
(671, 8, 'VERAVAL', '2015-08-23 10:58:06'),
(672, 8, 'VINCHHIYA', '2015-08-23 10:58:06'),
(673, 9, 'AMARNATH', '2015-08-23 11:00:54'),
(674, 9, 'ANDHERI', '2015-08-23 11:00:54'),
(675, 9, 'BADALPUR', '2015-08-23 11:00:54'),
(676, 9, 'BHANDARLI', '2015-08-23 11:00:54'),
(677, 9, 'BHAYANDAR', '2015-08-23 11:00:54'),
(678, 9, 'BHIWANDI', '2015-08-23 11:00:54'),
(679, 9, 'CHEMBUR (E)', '2015-08-23 11:00:54'),
(680, 9, 'CHEMBUR (W)', '2015-08-23 11:00:54'),
(681, 9, 'DOMBIVALI', '2015-08-23 11:00:54'),
(682, 9, 'DOMBIVALI (E)', '2015-08-23 11:00:54'),
(683, 9, 'DOMBIVALI (W)', '2015-08-23 11:00:54'),
(684, 9, 'KALYAN', '2015-08-23 11:00:54'),
(685, 9, 'KALYAN (E)', '2015-08-23 11:00:54'),
(686, 9, 'KAMOTHE', '2015-08-23 11:00:54'),
(687, 9, 'KASHIMIRA', '2015-08-23 11:00:54'),
(688, 9, 'KHARGHAR', '2015-08-23 11:00:54'),
(689, 9, 'KNOE', '2015-08-23 11:00:54'),
(690, 9, 'KONDAVE', '2015-08-23 11:00:54'),
(691, 9, 'KONGAON', '2015-08-23 11:00:54'),
(692, 9, 'MANGAON', '2015-08-23 11:00:54'),
(693, 9, 'MARINE DRIVE', '2015-08-23 11:00:54'),
(694, 9, 'MEHUA', '2015-08-23 11:00:54'),
(695, 9, 'MIRA ROAD', '2015-08-23 11:00:54'),
(696, 9, 'MULUND', '2015-08-23 11:00:54'),
(697, 9, 'MUMBAI', '2015-08-23 11:00:54'),
(698, 9, 'MUMBAI SUBURBAN', '2015-08-23 11:00:54'),
(699, 9, 'NAGOTHANE', '2015-08-23 11:00:54'),
(700, 9, 'NALLASOPARA', '2015-08-23 11:00:54'),
(701, 9, 'NANDHAL (CHOWK)', '2015-08-23 11:00:54'),
(702, 9, 'NAVI MUMBAI', '2015-08-23 11:00:54'),
(703, 9, 'NEW PANVEL (E)', '2015-08-23 11:00:54'),
(704, 9, 'PALGHAR', '2015-08-23 11:00:54'),
(705, 9, 'PANCHWAD', '2015-08-23 11:00:54'),
(706, 9, 'PANVEL', '2015-08-23 11:00:54'),
(707, 9, 'POWAI', '2015-08-23 11:00:54'),
(708, 9, 'RAIGAD', '2015-08-23 11:00:54'),
(709, 9, 'RASAYNI', '2015-08-23 11:00:54'),
(710, 9, 'REY ROAD', '2015-08-23 11:00:54'),
(711, 9, 'ROHA', '2015-08-23 11:00:54'),
(712, 9, 'ROTH (KHURD)', '2015-08-23 11:00:54'),
(713, 9, 'SAGVE', '2015-08-23 11:00:54'),
(714, 9, 'SHAHAD', '2015-08-23 11:00:54'),
(715, 9, 'SHRIWARDHAN', '2015-08-23 11:00:54'),
(716, 9, 'THANE', '2015-08-23 11:00:54'),
(717, 9, 'ULHASNAGAR', '2015-08-23 11:00:54'),
(718, 9, 'VASAI', '2015-08-23 11:00:54'),
(719, 9, 'VILE PARLE (E)', '2015-08-23 11:00:54'),
(720, 9, 'VIRAR', '2015-08-23 11:00:54'),
(721, 9, 'WAI', '2015-08-23 11:00:54'),
(722, 9, 'WARTHI', '2015-08-23 11:00:54'),
(723, 9, 'WEST MUMBAI', '2015-08-23 11:00:54'),
(724, 10, 'AAVAL FARM-AMIRGADH', '2015-08-23 11:05:05'),
(725, 10, 'ADALPURAKAMPA-DHANSURA', '2015-08-23 11:05:05'),
(726, 10, 'AHAMADPURA KAMPA', '2015-08-23 11:05:05'),
(727, 10, 'AKRUND', '2015-08-23 11:05:05'),
(728, 10, 'AKRUND-DHANSURA-ARAVALLI', '2015-08-23 11:05:05'),
(729, 10, 'ALVAKAMPA', '2015-08-23 11:05:05'),
(730, 10, 'AMALAI KAMPA', '2015-08-23 11:05:05'),
(731, 10, 'AMBAJI-BANASKANTHA', '2015-08-23 11:05:05'),
(732, 10, 'AMBIKAFARM-AMIRGADH', '2015-08-23 11:05:05'),
(733, 10, 'AMINPURAKAMPA-KAPADWANJ', '2015-08-23 11:05:05'),
(734, 10, 'AMIRGADH-BANASKANTHA', '2015-08-23 11:05:05'),
(735, 10, 'AMRAPURKAMPA', '2015-08-23 11:05:05'),
(736, 10, 'AMRUTPURAKAMPA', '2015-08-23 11:05:05'),
(737, 10, 'ANANDPURAKAMPA-BAYAD', '2015-08-23 11:05:05'),
(738, 10, 'ANIYORKAMPA-MALPUR', '2015-08-23 11:05:05'),
(739, 10, 'BABALPURAKAMPA', '2015-08-23 11:05:05'),
(740, 10, 'BABSAR', '2015-08-23 11:05:05'),
(741, 10, 'BADAM FARM', '2015-08-23 11:05:05'),
(742, 10, 'BADAMKAMPA-HARSOL', '2015-08-23 11:05:05'),
(743, 10, 'BADERAKAMPA', '2015-08-23 11:05:05'),
(744, 10, 'BAKOR', '2015-08-23 11:05:05'),
(745, 10, 'BALASINOR', '2015-08-23 11:05:05'),
(746, 10, 'BALVANTPURA KAMPA', '2015-08-23 11:05:05'),
(747, 10, 'BANASFARM-AMIRGADH', '2015-08-23 11:05:05'),
(748, 10, 'BANDHFARM-AMIRGADH', '2015-08-23 11:05:05'),
(749, 10, 'BARSOL KAMPA', '2015-08-23 11:05:05'),
(750, 10, 'BAVSAR KAMPA', '2015-08-23 11:05:05'),
(751, 10, 'BAYAD', '2015-08-23 11:05:05'),
(752, 10, 'BHAGAVATI FARM-IQBALGADH', '2015-08-23 11:05:05'),
(753, 10, 'BHAGVANPURAKAMPA-IDAR(GUJARVAKAMPA)', '2015-08-23 11:05:05'),
(754, 10, 'BHATHALALAT-BALASINOR', '2015-08-23 11:05:05'),
(755, 10, 'BHAVANIPURA KAMPA', '2015-08-23 11:05:05'),
(756, 10, 'BHILODA', '2015-08-23 11:05:05'),
(757, 10, 'BHUJPURAKAMPA-DHANSURA', '2015-08-23 11:05:05'),
(758, 10, 'BILESHVARKAMPA', '2015-08-23 11:05:05'),
(759, 10, 'BILPAN KAMPA', '2015-08-23 11:05:05'),
(760, 10, 'BILPANKAMPA', '2015-08-23 11:05:05'),
(761, 10, 'BORADIKAMPA', '2015-08-23 11:05:05'),
(762, 10, 'BORAVAI KAMPA', '2015-08-23 11:05:05'),
(763, 10, 'BORDERFARM-AMIRGADH', '2015-08-23 11:05:05'),
(764, 10, 'BORIYATIMBAKAMPA-AKRUND', '2015-08-23 11:05:05'),
(765, 10, 'CHANDRAPURAKAMPA', '2015-08-23 11:05:05'),
(766, 10, 'CHANGODAR', '2015-08-23 11:05:05'),
(767, 10, 'CHHATRISAKAMPA-TALOD', '2015-08-23 11:05:05'),
(768, 10, 'CHISKARI', '2015-08-23 11:05:05'),
(769, 10, 'CHOTASANKAMPA', '2015-08-23 11:05:05'),
(770, 10, 'DABHELAFARM-AMIRGADH', '2015-08-23 11:05:05'),
(771, 10, 'DEHGAM', '2015-08-23 11:05:05'),
(772, 10, 'DEROLKAMPA-VAGHELA-KHEDBRAHMA', '2015-08-23 11:05:05'),
(773, 10, 'DESAIPURAKAMPA-MODASA', '2015-08-23 11:05:05'),
(774, 10, 'DHANPURAKAMPA', '2015-08-23 11:05:05'),
(775, 10, 'DHANSURA', '2015-08-23 11:05:05'),
(776, 10, 'DHOLIYAKAMPA-MODASA', '2015-08-23 11:05:05'),
(777, 10, 'DHOLVANIKAMPA-MEGHRAJ', '2015-08-23 11:05:05'),
(778, 10, 'DIYODAR', '2015-08-23 11:05:05'),
(779, 10, 'DOCTERKAMPA', '2015-08-23 11:05:05'),
(780, 10, 'DOLPURKAMPA', '2015-08-23 11:05:05'),
(781, 10, 'DOLPURKAMPA-DHANSURA', '2015-08-23 11:05:05'),
(782, 10, 'DOLPURKAMPA-MODASA', '2015-08-23 11:05:05'),
(783, 10, 'DUDHELILAT', '2015-08-23 11:05:05'),
(784, 10, 'DUNGARPURA-AMIRGADH', '2015-08-23 11:05:05'),
(785, 10, 'FEKATARI KAMPA', '2015-08-23 11:05:05'),
(786, 10, 'FULPURAKAMPA-DEHGAM', '2015-08-23 11:05:05'),
(787, 10, 'GADHA KAMPA', '2015-08-23 11:05:05'),
(788, 10, 'GADHADAKAMPA', '2015-08-23 11:05:05'),
(789, 10, 'GAJANKAMPA', '2015-08-23 11:05:05'),
(790, 10, 'GAMBHOI', '2015-08-23 11:05:05'),
(791, 10, 'GANDHIPURAKAMPA', '2015-08-23 11:05:05'),
(792, 10, 'GANESH SISODRA', '2015-08-23 11:05:05'),
(793, 10, 'GANESHFARM-AMIRGADH', '2015-08-23 11:05:05'),
(794, 10, 'GANESHPURAKAMPA-MODASA', '2015-08-23 11:05:05'),
(795, 10, 'GAYATRIFARM', '2015-08-23 11:05:05'),
(796, 10, 'GOTHAJLAT', '2015-08-23 11:05:05'),
(797, 10, 'GOVINDPURA KAMPA', '2015-08-23 11:05:05'),
(798, 10, 'GURUDEVFARM', '2015-08-23 11:05:05'),
(799, 10, 'HARIOM FARM', '2015-08-23 11:05:05'),
(800, 10, 'HARIPURA KAMPA-MALPUR', '2015-08-23 11:05:05'),
(801, 10, 'HARIPURAKAMPA-BAVASAR', '2015-08-23 11:05:05'),
(802, 10, 'HARIPURAKAMPA-DAKOR', '2015-08-23 11:05:05'),
(803, 10, 'HARIPURAKAMPA-HIMATNAGAR', '2015-08-23 11:05:05'),
(804, 10, 'HARSOL', '2015-08-23 11:05:05'),
(805, 10, 'HIMATNAGAR', '2015-08-23 11:05:05'),
(806, 10, 'HIMMATNAGAR', '2015-08-23 11:05:05'),
(807, 10, 'HIMMATNAGARKAMPA', '2015-08-23 11:05:05'),
(808, 10, 'HIRAKHADIKAMPA', '2015-08-23 11:05:05'),
(809, 10, 'HIRAPUR CHILLA', '2015-08-23 11:05:05'),
(810, 10, 'HIRAPURKAMPA', '2015-08-23 11:05:05'),
(811, 10, 'IDAR', '2015-08-23 11:05:05'),
(812, 10, 'IQBALGADH', '2015-08-23 11:05:05'),
(813, 10, 'ISHAVARPURA KAMPA', '2015-08-23 11:05:05'),
(814, 10, 'JAGATPURA KAMPA', '2015-08-23 11:05:05'),
(815, 10, 'JAGRUTI FARM', '2015-08-23 11:05:05'),
(816, 10, 'JALARAM KAMPA', '2015-08-23 11:05:05'),
(817, 10, 'JALARAMFARM', '2015-08-23 11:05:05'),
(818, 10, 'JALODAR', '2015-08-23 11:05:05'),
(819, 10, 'JAMRELAKAMPA-IDER', '2015-08-23 11:05:05'),
(820, 10, 'JAMTHA KAMPA', '2015-08-23 11:05:05'),
(821, 10, 'JASVANTPURAKAMPA-DHANDURA', '2015-08-23 11:05:05'),
(822, 10, 'JAVADUR KAMPA', '2015-08-23 11:05:05'),
(823, 10, 'JAVAHAR KAMPA', '2015-08-23 11:05:05'),
(824, 10, 'JITPURKAMPA-VADAGAM', '2015-08-23 11:05:05'),
(825, 10, 'KADAMPURAKAMPA-BALASINOR', '2015-08-23 11:05:05'),
(826, 10, 'KAILASHFARM-AMIRGADH', '2015-08-23 11:05:05'),
(827, 10, 'KALIMATIFARM-IQBALGADH', '2015-08-23 11:05:05'),
(828, 10, 'Kanpurkampa-Amodara', '2015-08-23 11:05:05'),
(829, 10, 'KAPADI VAV', '2015-08-23 11:05:05'),
(830, 10, 'KASHIPURAKAMPA-AKRUND', '2015-08-23 11:05:05'),
(831, 10, 'KASHIPURAKAMPA-HIMMATNAGAR', '2015-08-23 11:05:05'),
(832, 10, 'KELWA', '2015-08-23 11:05:05'),
(833, 10, 'KESHARPURAKAMPA-HIMMATNAGAR', '2015-08-23 11:05:05'),
(834, 10, 'KESHARPURAKAMPA-MODASA', '2015-08-23 11:05:05'),
(835, 10, 'KHARIKAMPA', '2015-08-23 11:05:05'),
(836, 10, 'KHEDBRAHMA', '2015-08-23 11:05:05'),
(837, 10, 'KHEROJKAMPA', '2015-08-23 11:05:05'),
(838, 10, 'KHODA', '2015-08-23 11:05:05'),
(839, 10, 'KHODIYAR FARM', '2015-08-23 11:05:05'),
(840, 10, 'KODHIKAMPA', '2015-08-23 11:05:05'),
(841, 10, 'KRUPA KAMPA', '2015-08-23 11:05:05'),
(842, 10, 'KRUPAKAMPA', '2015-08-23 11:05:05'),
(843, 10, 'KRUSHNPURAKAMPA', '2015-08-23 11:05:05'),
(844, 10, 'KRUSNAPURAFARM-IQBALGADH', '2015-08-23 11:05:05'),
(845, 10, 'KUBADHAROLKAMPA', '2015-08-23 11:05:05'),
(846, 10, 'KUDA', '2015-08-23 11:05:05'),
(847, 10, 'LAHERIPURAKAMPA-PIPLJ', '2015-08-23 11:05:05'),
(848, 10, 'LAKHEDAKAMPA', '2015-08-23 11:05:05'),
(849, 10, 'LALUKAMPA', '2015-08-23 11:05:05'),
(850, 10, 'LAXMANPURAKAMPA-AKRUND', '2015-08-23 11:05:05'),
(851, 10, 'LIMBHOIKAMPA-MODASA', '2015-08-23 11:05:05'),
(852, 10, 'LIMDIYA', '2015-08-23 11:05:05'),
(853, 10, 'MADAPURA KAMPA', '2015-08-23 11:05:05'),
(854, 10, 'MADASANAKAMPA-MODASA', '2015-08-23 11:05:05'),
(855, 10, 'MADHAVKAMPA-BAYAD', '2015-08-23 11:05:05'),
(856, 10, 'MAGANPURAKAMPA-VADAGAM', '2015-08-23 11:05:05'),
(857, 10, 'MAGANPURALAT-OTHAVAD', '2015-08-23 11:05:05'),
(858, 10, 'MAGODILAT-DEHGAM', '2015-08-23 11:05:05'),
(859, 10, 'MAHADEVFARM-IQBALGADH', '2015-08-23 11:05:05'),
(860, 10, 'MAHORKAMPA-VADALI', '2015-08-23 11:05:05'),
(861, 10, 'MALPUR', '2015-08-23 11:05:05'),
(862, 10, 'MANINAGAR', '2015-08-23 11:05:05'),
(863, 10, 'MANIPURAKAMPA-MODASA', '2015-08-23 11:05:05'),
(864, 10, 'MATHASULIYAKAMPA', '2015-08-23 11:05:05'),
(865, 10, 'MAVANIFARM-DEHGAM', '2015-08-23 11:05:05'),
(866, 10, 'MEGHPURAKAMPA', '2015-08-23 11:05:05'),
(867, 10, 'MEGHRAJ', '2015-08-23 11:05:05'),
(868, 10, 'MEGRAJ', '2015-08-23 11:05:05'),
(869, 10, 'MENIKAMPA', '2015-08-23 11:05:05'),
(870, 10, 'MODASA', '2015-08-23 11:05:05'),
(871, 10, 'MOHANPURAFARM-IQBALGADH', '2015-08-23 11:05:05'),
(872, 10, 'MOHANPURAKAMPA-MODASA', '2015-08-23 11:05:05'),
(873, 10, 'MOTAP', '2015-08-23 11:05:05'),
(874, 10, 'MOTESARI', '2015-08-23 11:05:05'),
(875, 10, 'MOTESHRI', '2015-08-23 11:05:05'),
(876, 10, 'NAHERU KAMPA', '2015-08-23 11:05:05'),
(877, 10, 'NANA CHILODA', '2015-08-23 11:05:05'),
(878, 10, 'NANDOL', '2015-08-23 11:05:05'),
(879, 10, 'NAPADA KAMPA', '2015-08-23 11:05:05'),
(880, 10, 'NAVA BABALPURA', '2015-08-23 11:05:05'),
(881, 10, 'NAVA NAGAR', '2015-08-23 11:05:05'),
(882, 10, 'NAVALPUR', '2015-08-23 11:05:05'),
(883, 10, 'NAVAVASANA KAMPA', '2015-08-23 11:05:05'),
(884, 10, 'ODHAVNAGAR', '2015-08-23 11:05:05'),
(885, 10, 'PANCHVATIFARM-IQBALGADH', '2015-08-23 11:05:05'),
(886, 10, 'PANDAVADA', '2015-08-23 11:05:05'),
(887, 10, 'Patel Farm-Taranga', '2015-08-23 11:05:05'),
(888, 10, 'PATELFARM-NANA BEDA-RAJASTHAN', '2015-08-23 11:05:05'),
(889, 10, 'PIPALJ', '2015-08-23 11:05:05'),
(890, 10, 'PIPLIKAMPA', '2015-08-23 11:05:05'),
(891, 10, 'PRANTIJ', '2015-08-23 11:05:05'),
(892, 10, 'PRATAPGATH KAMPA', '2015-08-23 11:05:05'),
(893, 10, 'RAIGADH-HIMMATNAGAR', '2015-08-23 11:05:05'),
(894, 10, 'RAJLI KAMPA', '2015-08-23 11:05:05'),
(895, 10, 'RAJPURKAMPA', '2015-08-23 11:05:05'),
(896, 10, 'RAKHIYAL', '2015-08-23 11:05:05'),
(897, 10, 'RAMAPIRKAMPA-DHANSURA', '2015-08-23 11:05:05'),
(898, 10, 'RAMGADH FARM-AMIRGADH', '2015-08-23 11:05:05'),
(899, 10, 'RAMOS KAMPA', '2015-08-23 11:05:05'),
(900, 10, 'RAMPURA KAMPA', '2015-08-23 11:05:05'),
(901, 10, 'RAMSIKAMPA-BAYAD', '2015-08-23 11:05:05'),
(902, 10, 'RANASAN', '2015-08-23 11:05:05'),
(903, 10, 'RANJITPURAKAMPA', '2015-08-23 11:05:05'),
(904, 10, 'RATANTALAVADI', '2015-08-23 11:05:05'),
(905, 10, 'RAVIPURAFARM-AMIRGADH', '2015-08-23 11:05:05'),
(906, 10, 'RUPALKAMPA', '2015-08-23 11:05:05'),
(907, 10, 'SABALPUR KAMPA', '2015-08-23 11:05:05'),
(908, 10, 'SABALPURA KAMPA', '2015-08-23 11:05:05'),
(909, 10, 'SAHUPURAKAMPA-TARANGA', '2015-08-23 11:05:05'),
(910, 10, 'SAJJANPURAKAMPA-MALPUR', '2015-08-23 11:05:05'),
(911, 10, 'SAKARIYAKAMPA-MODASA', '2015-08-23 11:05:05'),
(912, 10, 'SALAL', '2015-08-23 11:05:05'),
(913, 10, 'SANKARPURA-BHILODA', '2015-08-23 11:05:05'),
(914, 10, 'SARADOI', '2015-08-23 11:05:05'),
(915, 10, 'SAROTRA STATION-AMIRGADH', '2015-08-23 11:05:05'),
(916, 10, 'SAROTRAFARM-IQBALGADH', '2015-08-23 11:05:05'),
(917, 10, 'SATALASANA', '2015-08-23 11:05:05'),
(918, 10, 'SATHAMBA', '2015-08-23 11:05:05'),
(919, 10, 'SAVELAKAMPA-BAYAD', '2015-08-23 11:05:05'),
(920, 10, 'SHAMALAJI', '2015-08-23 11:05:05'),
(921, 10, 'SHAMLAJI', '2015-08-23 11:05:05'),
(922, 10, 'SHERAPURKAMPA-MODASA', '2015-08-23 11:05:05'),
(923, 10, 'SHIVA GANJ', '2015-08-23 11:05:05'),
(924, 10, 'SHIVAPURA KAMPA-DAHEGAM', '2015-08-23 11:05:05'),
(925, 10, 'SHIVAPURA KAMPA-MALPUR', '2015-08-23 11:05:05'),
(926, 10, 'SHIVAPURA KAMPA-SHINOL', '2015-08-23 11:05:05'),
(927, 10, 'SHIVARAJPURA KAMPA', '2015-08-23 11:05:05'),
(928, 10, 'SHIVPURAFARM-IQBALGADH', '2015-08-23 11:05:05'),
(929, 10, 'SHIVPURAKAMPA-MALPUR', '2015-08-23 11:05:05'),
(930, 10, 'SHIVRAJPURAKAMPA', '2015-08-23 11:05:05'),
(931, 10, 'SHYAMNAGAR-DHANSURA', '2015-08-23 11:05:05'),
(932, 10, 'SIGNALFARM-AMIRGADH', '2015-08-23 11:05:05'),
(933, 10, 'SOMESHVAR LATE', '2015-08-23 11:05:05'),
(934, 10, 'SOPARIFARM-IQBALGADH', '2015-08-23 11:05:05'),
(935, 10, 'SUNDARPURAKAMPA-MODASA', '2015-08-23 11:05:05'),
(936, 10, 'TAJPURKUI', '2015-08-23 11:05:05'),
(937, 10, 'TAKHATGADHKAMPA-RANASAN', '2015-08-23 11:05:05'),
(938, 10, 'TALOD', '2015-08-23 11:05:05'),
(939, 10, 'TARANGA', '2015-08-23 11:05:05'),
(940, 10, 'THARILAT', '2015-08-23 11:05:05'),
(941, 10, 'THAVADLAT', '2015-08-23 11:05:05'),
(942, 10, 'TIMBAFARM-AMIRGADH', '2015-08-23 11:05:05'),
(943, 10, 'TIMBAKAMPA-HIMATNAGAR', '2015-08-23 11:05:05'),
(944, 10, 'TIMBAKAMPA-TALOD', '2015-08-23 11:05:05'),
(945, 10, 'TINTOI', '2015-08-23 11:05:05'),
(946, 10, 'TRIVENIFARM-DEHGAM', '2015-08-23 11:05:05'),
(947, 10, 'UMA FARM-DEHGAM', '2015-08-23 11:05:05'),
(948, 10, 'UMEDPURAKAMPA', '2015-08-23 11:05:05'),
(949, 10, 'UMIYAFARM-AMIRGADH', '2015-08-23 11:05:05'),
(950, 10, 'UMIYAFARM-IQBALGADH', '2015-08-23 11:05:05'),
(951, 10, 'VADAGAM', '2015-08-23 11:05:05'),
(952, 10, 'VADALI', '2015-08-23 11:05:05'),
(953, 10, 'VANIYAD', '2015-08-23 11:05:05'),
(954, 10, 'VANSERA KAMPA', '2015-08-23 11:05:05'),
(955, 10, 'VELANI FARM-TARANGA', '2015-08-23 11:05:05'),
(956, 10, 'VILASHPURA KAMPA', '2015-08-23 11:05:05'),
(957, 10, 'VISHNUPURAKAMPA -KAPADWANJ', '2015-08-23 11:05:05'),
(958, 10, 'VRAJPURA KAMPA', '2015-08-23 11:05:05'),
(959, 10, 'VRAJPURAKAMPA', '2015-08-23 11:05:05'),
(960, 10, 'ZANJARVAKAMPA-IQBALGADH', '2015-08-23 11:05:05'),
(961, 10, 'ZANK', '2015-08-23 11:05:05'),
(962, 11, 'ABU ROAD', '2015-08-25 10:38:45'),
(963, 11, 'AJMER', '2015-08-25 10:38:45'),
(964, 11, 'ALLAHABAD', '2015-08-25 10:38:45'),
(965, 11, 'BANARAS', '2015-08-25 10:38:45'),
(966, 11, 'BHILWARA', '2015-08-25 10:38:45'),
(967, 11, 'CHITTORGARH', '2015-08-25 10:38:45'),
(968, 11, 'DELHI', '2015-08-25 10:38:45'),
(969, 11, 'DWARKA', '2015-08-25 10:38:45'),
(970, 11, 'FARIDABAD', '2015-08-25 10:38:45'),
(971, 11, 'JAIPUR', '2015-08-25 10:38:45'),
(972, 11, 'JODHPUR', '2015-08-25 10:38:45'),
(973, 11, 'KOTA', '2015-08-25 10:38:45'),
(974, 11, 'LAKK', '2015-08-25 10:38:45'),
(975, 11, 'MADANGANJ', '2015-08-25 10:38:45'),
(976, 11, 'MOHALI', '2015-08-25 10:38:45'),
(977, 11, 'NEW DELHI', '2015-08-25 10:38:45'),
(978, 11, 'NOIDA', '2015-08-25 10:38:45'),
(979, 11, 'PALI', '2015-08-25 10:38:45'),
(980, 11, 'SANGANER (RAJ)', '2015-08-25 10:38:45'),
(981, 11, 'SIKANDARPUR', '2015-08-25 10:38:45'),
(982, 11, 'UDAIPUR', '2015-08-25 10:38:45'),
(983, 11, 'VARANASI', '2015-08-25 10:38:45'),
(984, 11, 'YAMUNA NAGAR', '2015-08-25 10:38:45'),
(985, 12, 'BADKUDAR', '2015-08-25 10:42:29'),
(986, 12, 'BALANGIR', '2015-08-25 10:42:29'),
(987, 12, 'BALASORE', '2015-08-25 10:42:29'),
(988, 12, 'BARGARH', '2015-08-25 10:42:29'),
(989, 12, 'BARIPADA', '2015-08-25 10:42:29'),
(990, 12, 'BHADRAK', '2015-08-25 10:42:29'),
(991, 12, 'BHAIRPUR', '2015-08-25 10:42:29'),
(992, 12, 'BHOGRAI', '2015-08-25 10:42:29'),
(993, 12, 'BHUBANESWAR', '2015-08-25 10:42:29'),
(994, 12, 'BHUSAWAL (ORISSA)', '2015-08-25 10:42:29'),
(995, 12, 'CHANDBALI', '2015-08-25 10:42:29'),
(996, 12, 'CUTTACK', '2015-08-25 10:42:29'),
(997, 12, 'DEULATANGI', '2015-08-25 10:42:29'),
(998, 12, 'GANDARPUR', '2015-08-25 10:42:29'),
(999, 12, 'JAGATPUR', '2015-08-25 10:42:29'),
(1000, 12, 'JAGATSINGHPUR', '2015-08-25 10:42:29'),
(1001, 12, 'JATNI', '2015-08-25 10:42:29'),
(1002, 12, 'JEYPORE', '2015-08-25 10:42:29'),
(1003, 12, 'JHARSUGUDA', '2015-08-25 10:42:29'),
(1004, 12, 'KANTABANJI', '2015-08-25 10:42:29'),
(1005, 12, 'KHARIAR ROAD', '2015-08-25 10:42:29'),
(1006, 12, 'MANIPUR', '2015-08-25 10:42:29'),
(1007, 12, 'NUAPARA', '2015-08-25 10:42:29'),
(1008, 12, 'PALDA', '2015-08-25 10:42:29'),
(1009, 12, 'RENGALI', '2015-08-25 10:42:29'),
(1010, 12, 'SAMBALPUR', '2015-08-25 10:42:29'),
(1011, 12, 'SORO', '2015-08-25 10:42:29'),
(1012, 13, 'ANDAL', '2015-08-25 10:45:46'),
(1013, 13, 'ASANSOL', '2015-08-25 10:45:46'),
(1014, 13, 'B.DEOGHAR', '2015-08-25 10:45:46'),
(1015, 13, 'BANKURA', '2015-08-25 10:45:46'),
(1016, 13, 'BARA JAMDA', '2015-08-25 10:45:46'),
(1017, 13, 'BARAKAR', '2015-08-25 10:45:46'),
(1018, 13, 'BERHAMPORE', '2015-08-25 10:45:46'),
(1019, 13, 'BHAGALPUR', '2015-08-25 10:45:46'),
(1020, 13, 'BIRBHUM', '2015-08-25 10:45:46'),
(1021, 13, 'BISHNUPUR', '2015-08-25 10:45:46'),
(1022, 13, 'BOLPUR', '2015-08-25 10:45:46'),
(1023, 13, 'BUD BUD', '2015-08-25 10:45:46'),
(1024, 13, 'BURDWAN', '2015-08-25 10:45:46'),
(1025, 13, 'CHAIBASA', '2015-08-25 10:45:46'),
(1026, 13, 'DEOGHAR', '2015-08-25 10:45:46'),
(1027, 13, 'DHANBAD', '2015-08-25 10:45:46'),
(1028, 13, 'DUBRAJPUR', '2015-08-25 10:45:46'),
(1029, 13, 'DUMKAL', '2015-08-25 10:45:46'),
(1030, 13, 'DURGAPUR', '2015-08-25 10:45:46'),
(1031, 13, 'GAYA', '2015-08-25 10:45:46'),
(1032, 13, 'GUMLA', '2015-08-25 10:45:46'),
(1033, 13, 'GUSKARA', '2015-08-25 10:45:46'),
(1034, 13, 'KAMAR PARA', '2015-08-25 10:45:46'),
(1035, 13, 'KANDI', '2015-08-25 10:45:46'),
(1036, 13, 'KATWA', '2015-08-25 10:45:46'),
(1037, 13, 'KENDPOSI', '2015-08-25 10:45:46'),
(1038, 13, 'KESHIAKOLE', '2015-08-25 10:45:46'),
(1039, 13, 'KULTI', '2015-08-25 10:45:46'),
(1040, 13, 'LOHARDAGA', '2015-08-25 10:45:46'),
(1041, 13, 'MADHUPUR', '2015-08-25 10:45:46'),
(1042, 13, 'MURSHIDABAD', '2015-08-25 10:45:46'),
(1043, 13, 'NEAMATPUR', '2015-08-25 10:45:46'),
(1044, 13, 'PANAGARH', '2015-08-25 10:45:46'),
(1045, 13, 'PATNA', '2015-08-25 10:45:46'),
(1046, 13, 'RAMPURHAT', '2015-08-25 10:45:46'),
(1047, 13, 'RANAGHAT', '2015-08-25 10:45:46'),
(1048, 13, 'RANCHI', '2015-08-25 10:45:46'),
(1049, 13, 'RANIGANJ', '2015-08-25 10:45:46'),
(1050, 13, 'SAINTHIA', '2015-08-25 10:45:46'),
(1051, 13, 'SAINTHIYA', '2015-08-25 10:45:46'),
(1052, 13, 'SHAKTIGRAH', '2015-08-25 10:45:46'),
(1053, 13, 'SURI', '2015-08-25 10:45:46'),
(1054, 13, 'UKHRA', '2015-08-25 10:45:46'),
(1055, 14, 'AAGAS', '2015-08-25 10:50:54'),
(1056, 14, 'AKRUND-DHANSURA', '2015-08-25 10:50:54'),
(1057, 14, 'ALINADRA (VASHO) ', '2015-08-25 10:50:54'),
(1058, 14, 'ANAND', '2015-08-25 10:50:54'),
(1059, 14, 'ANDHARIYA', '2015-08-25 10:50:54'),
(1060, 14, 'ASODAR', '2015-08-25 10:50:54'),
(1061, 14, 'BAREJA', '2015-08-25 10:50:54'),
(1062, 14, 'BODELI', '2015-08-25 10:50:54'),
(1063, 14, 'BORSAD', '2015-08-25 10:50:54'),
(1064, 14, 'CHAKALASI', '2015-08-25 10:50:54'),
(1065, 14, 'CHANDARDA', '2015-08-25 10:50:54'),
(1066, 14, 'CHHANI', '2015-08-25 10:50:54'),
(1067, 14, 'CHHOTA UDEPUR', '2015-08-25 10:50:54'),
(1068, 14, 'CHIKHODRA', '2015-08-25 10:50:54'),
(1069, 14, 'DABHOI', '2015-08-25 10:50:54'),
(1070, 14, 'DAKOR', '2015-08-25 10:50:54'),
(1071, 14, 'DASHRATH', '2015-08-25 10:50:54'),
(1072, 14, 'DAVDA', '2015-08-25 10:50:54'),
(1073, 14, 'DHUNIA', '2015-08-25 10:50:54'),
(1074, 14, 'DUMRAL', '2015-08-25 10:50:54'),
(1075, 14, 'GAMDI', '2015-08-25 10:50:54'),
(1076, 14, 'GANA', '2015-08-25 10:50:54'),
(1077, 14, 'GODHARA', '2015-08-25 10:50:54'),
(1078, 14, 'GUNTAL', '2015-08-25 10:50:54'),
(1079, 14, 'HALOL', '2015-08-25 10:50:54'),
(1080, 14, 'HARNI', '2015-08-25 10:50:54'),
(1081, 14, 'ITOLA', '2015-08-25 10:50:54'),
(1082, 14, 'JITODIA', '2015-08-25 10:50:54'),
(1083, 14, 'KALOL ( GODHARA)', '2015-08-25 10:50:54'),
(1084, 14, 'KALOLA', '2015-08-25 10:50:54'),
(1085, 14, 'KANJARI', '2015-08-25 10:50:54'),
(1086, 14, 'KAPADWANJ', '2015-08-25 10:50:54'),
(1087, 14, 'KARAMSAD', '2015-08-25 10:50:54'),
(1088, 14, 'KARJAN', '2015-08-25 10:50:54'),
(1089, 14, 'KATHLAL', '2015-08-25 10:50:54'),
(1090, 14, 'KAWANT', '2015-08-25 10:50:54'),
(1091, 14, 'KAYAVAROHAN', '2015-08-25 10:50:54'),
(1092, 14, 'KAYAVARON', '2015-08-25 10:50:54'),
(1093, 14, 'KHAMBHAT', '2015-08-25 10:50:54'),
(1094, 14, 'KHATRAJ', '2015-08-25 10:50:54'),
(1095, 14, 'KHATREJ CHOKDI', '2015-08-25 10:50:54'),
(1096, 14, 'KHEDA', '2015-08-25 10:50:54'),
(1097, 14, 'LIMDIYA', '2015-08-25 10:50:54'),
(1098, 14, 'MAHEMDABAD', '2015-08-25 10:50:54'),
(1099, 14, 'MAHUDHA', '2015-08-25 10:50:54'),
(1100, 14, 'MAKARPURA', '2015-08-25 10:50:54'),
(1101, 14, 'MALEKPUR', '2015-08-25 10:50:54'),
(1102, 14, 'MANJUSAR', '2015-08-25 10:50:54'),
(1103, 14, 'MARIDA', '2015-08-25 10:50:54'),
(1104, 14, 'MATAR', '2015-08-25 10:50:54'),
(1105, 14, 'MOGRI', '2015-08-25 10:50:54'),
(1106, 14, 'NADIAD', '2015-08-25 10:50:54'),
(1107, 14, 'NANDESARI', '2015-08-25 10:50:54'),
(1108, 14, 'NAVLI', '2015-08-25 10:50:54'),
(1109, 14, 'NAYAKA', '2015-08-25 10:50:54'),
(1110, 14, 'NENPUR', '2015-08-25 10:50:54'),
(1111, 14, 'ODE', '2015-08-25 10:50:54'),
(1112, 14, 'PADAMLA', '2015-08-25 10:50:54'),
(1113, 14, 'PALEJ', '2015-08-25 10:50:54'),
(1114, 14, 'PANSORA', '2015-08-25 10:50:54'),
(1115, 14, 'PAVI JETPUR', '2015-08-25 10:50:54'),
(1116, 14, 'PETLAD', '2015-08-25 10:50:54'),
(1117, 14, 'PIPLAG', '2015-08-25 10:50:54'),
(1118, 14, 'POR', '2015-08-25 10:50:54'),
(1119, 14, 'RAJODPURA', '2015-08-25 10:50:54'),
(1120, 14, 'RANGAIPURA', '2015-08-25 10:50:54'),
(1121, 14, 'RAVALAPURA', '2015-08-25 10:50:54'),
(1122, 14, 'RAVRAPURA', '2015-08-25 10:50:54'),
(1123, 14, 'RUPPURA', '2015-08-25 10:50:54'),
(1124, 14, 'SALUN', '2015-08-25 10:50:54'),
(1125, 14, 'SAMARKHA', '2015-08-25 10:50:54'),
(1126, 14, 'SAMI', '2015-08-25 10:50:54'),
(1127, 14, 'SANDHASAL', '2015-08-25 10:50:54'),
(1128, 14, 'SANKARDA', '2015-08-25 10:50:54'),
(1129, 14, 'SANTRAAMPUR', '2015-08-25 10:50:54'),
(1130, 14, 'SARSA', '2015-08-25 10:50:54'),
(1131, 14, 'SASRA', '2015-08-25 10:50:54'),
(1132, 14, 'SAVLI', '2015-08-25 10:50:54'),
(1133, 14, 'SEGWA', '2015-08-25 10:50:54'),
(1134, 14, 'SEVALIYA', '2015-08-25 10:50:54'),
(1135, 14, 'SINOR', '2015-08-25 10:50:54'),
(1136, 14, 'SOJITRA', '2015-08-25 10:50:54'),
(1137, 14, 'TARAPUR', '2015-08-25 10:50:54'),
(1138, 14, 'THASARA', '2015-08-25 10:50:54'),
(1139, 14, 'UMRETH', '2015-08-25 10:50:54'),
(1140, 14, 'V.V.NAGAR', '2015-08-25 10:50:54'),
(1141, 14, 'VADODARA', '2015-08-25 10:50:54'),
(1142, 14, 'VAGHODIA', '2015-08-25 10:50:54'),
(1143, 14, 'VASAD', '2015-08-25 10:50:54'),
(1144, 14, 'VEGHA', '2015-08-25 10:50:54'),
(1145, 14, 'VIDHYANAGAR', '2015-08-25 10:50:54'),
(1146, 15, 'AMBUR', '2015-08-25 10:56:02'),
(1147, 15, 'ARCOT', '2015-08-25 10:56:02'),
(1148, 15, 'AVANASI', '2015-08-25 10:56:02'),
(1149, 15, 'AYYAMPET', '2015-08-25 10:56:02'),
(1150, 15, 'CHAMPADANGA', '2015-08-25 10:56:02'),
(1151, 15, 'CHENNAI', '2015-08-25 10:56:02'),
(1152, 15, 'CHENNIMALAI', '2015-08-25 10:56:02'),
(1153, 15, 'CHIDAMBARAM', '2015-08-25 10:56:02'),
(1154, 15, 'COCHIN', '2015-08-25 10:56:02'),
(1155, 15, 'COIMBATORE', '2015-08-25 10:56:02'),
(1156, 15, 'CUDDALORE', '2015-08-25 10:56:02'),
(1157, 15, 'DEVISER', '2015-08-25 10:56:02'),
(1158, 15, 'DHARAPURAM', '2015-08-25 10:56:02'),
(1159, 15, 'DHARMAPURI', '2015-08-25 10:56:02'),
(1160, 15, 'DINDIGUL', '2015-08-25 10:56:02'),
(1161, 15, 'EDAPPADI', '2015-08-25 10:56:02'),
(1162, 15, 'EDAYAR', '2015-08-25 10:56:02'),
(1163, 15, 'ERNAKULAM', '2015-08-25 10:56:02'),
(1164, 15, 'ERODE', '2015-08-25 10:56:02'),
(1165, 15, 'HOSUR', '2015-08-25 10:56:02'),
(1166, 15, 'KADUNGALOOR', '2015-08-25 10:56:02'),
(1167, 15, 'KANCHIPURAM', '2015-08-25 10:56:02'),
(1168, 15, 'KANGAYAM', '2015-08-25 10:56:02'),
(1169, 15, 'KARUR', '2015-08-25 10:56:02'),
(1170, 15, 'KATTUR', '2015-08-25 10:56:02'),
(1171, 15, 'KINATHUKADAVU', '2015-08-25 10:56:02'),
(1172, 15, 'KOLATHAR', '2015-08-25 10:56:02'),
(1173, 15, 'KOLATHUR', '2015-08-25 10:56:02'),
(1174, 15, 'KONTHURUTHY ROAD', '2015-08-25 10:56:02'),
(1175, 15, 'KUMBAKONAM', '2015-08-25 10:56:02');
INSERT INTO `city` (`city_id`, `region_id`, `city_name`, `created_date`) VALUES
(1176, 15, 'MADURAI', '2015-08-25 10:56:02'),
(1177, 15, 'MANACAUD', '2015-08-25 10:56:02'),
(1178, 15, 'MARICKAR ROAD', '2015-08-25 10:56:02'),
(1179, 15, 'MAYAVARAM', '2015-08-25 10:56:02'),
(1180, 15, 'NAGAMAM', '2015-08-25 10:56:02'),
(1181, 15, 'NAMAKKAL', '2015-08-25 10:56:02'),
(1182, 15, 'PALANI', '2015-08-25 10:56:02'),
(1183, 15, 'PALLADAM', '2015-08-25 10:56:02'),
(1184, 15, 'POLLACHI', '2015-08-25 10:56:02'),
(1185, 15, 'PONDICHERRY', '2015-08-25 10:56:02'),
(1186, 15, 'PUDUKOTTAI', '2015-08-25 10:56:02'),
(1187, 15, 'PULLORUTHY', '2015-08-25 10:56:02'),
(1188, 15, 'RAJAPALAYAM', '2015-08-25 10:56:02'),
(1189, 15, 'SALEM', '2015-08-25 10:56:02'),
(1190, 15, 'SANKAGIRI', '2015-08-25 10:56:02'),
(1191, 15, 'SELAIYUR', '2015-08-25 10:56:02'),
(1192, 15, 'SHENCOTTAH', '2015-08-25 10:56:02'),
(1193, 15, 'SIRKALI', '2015-08-25 10:56:02'),
(1194, 15, 'SOMANUR', '2015-08-25 10:56:02'),
(1195, 15, 'TAMBARAM', '2015-08-25 10:56:02'),
(1196, 15, 'THANJAVUR', '2015-08-25 10:56:02'),
(1197, 15, 'THENI', '2015-08-25 10:56:02'),
(1198, 15, 'THIRUVANANTHAPURAM', '2015-08-25 10:56:02'),
(1199, 15, 'TIRCHONGODU', '2015-08-25 10:56:02'),
(1200, 15, 'TIRUCHIRAPPALI', '2015-08-25 10:56:02'),
(1201, 15, 'TIRUKOILUR', '2015-08-25 10:56:02'),
(1202, 15, 'TIRUNELVELI', '2015-08-25 10:56:02'),
(1203, 15, 'TIRUPUR', '2015-08-25 10:56:02'),
(1204, 15, 'TIRUVANAMALAI', '2015-08-25 10:56:02'),
(1205, 15, 'TIRUVARUR', '2015-08-25 10:56:02'),
(1206, 15, 'TRICHY', '2015-08-25 10:56:02'),
(1207, 15, 'TRIVANDRUM', '2015-08-25 10:56:02'),
(1208, 15, 'UNICHIRA', '2015-08-25 10:56:02'),
(1209, 15, 'UTTUKULI', '2015-08-25 10:56:02'),
(1210, 15, 'VELLORE', '2015-08-25 10:56:02'),
(1211, 15, 'VIKRAVANDI', '2015-08-25 10:56:02'),
(1212, 15, 'VILUPPURAM', '2015-08-25 10:56:02'),
(1213, 16, 'AKOLA', '2015-08-25 10:58:21'),
(1214, 16, 'AMRAVATI', '2015-08-25 10:58:21'),
(1215, 16, 'ANJANGAON(SURJI)', '2015-08-25 10:58:21'),
(1216, 16, 'ARVI', '2015-08-25 10:58:21'),
(1217, 16, 'BADNERA', '2015-08-25 10:58:21'),
(1218, 16, 'BALHARSHAH', '2015-08-25 10:58:21'),
(1219, 16, 'BALLARPUR', '2015-08-25 10:58:21'),
(1220, 16, 'BHANDARA', '2015-08-25 10:58:21'),
(1221, 16, 'BULDHANA', '2015-08-25 10:58:21'),
(1222, 16, 'CHANDARPUR', '2015-08-25 10:58:21'),
(1223, 16, 'CHANDIGARH', '2015-08-25 10:58:21'),
(1224, 16, 'CHANDRAPUR', '2015-08-25 10:58:21'),
(1225, 16, 'DEVALGAONRAJA', '2015-08-25 10:58:21'),
(1226, 16, 'GONDIA', '2015-08-25 10:58:21'),
(1227, 16, 'HINGANGHAT', '2015-08-25 10:58:21'),
(1228, 16, 'HINGNA', '2015-08-25 10:58:21'),
(1229, 16, 'KALAMNA', '2015-08-25 10:58:21'),
(1230, 16, 'KALMANA', '2015-08-25 10:58:21'),
(1231, 16, 'KARANJA [ LAD ]', '2015-08-25 10:58:21'),
(1232, 16, 'KHAMGAON', '2015-08-25 10:58:21'),
(1233, 16, 'LAKADGANJ', '2015-08-25 10:58:21'),
(1234, 16, 'LAKKADGANJ', '2015-08-25 10:58:21'),
(1235, 16, 'NAGPUR', '2015-08-25 10:58:21'),
(1236, 16, 'PARATWADA', '2015-08-25 10:58:21'),
(1237, 16, 'PULGAON', '2015-08-25 10:58:21'),
(1238, 16, 'RAHARGAON', '2015-08-25 10:58:21'),
(1239, 16, 'SAONER', '2015-08-25 10:58:21'),
(1240, 16, 'SAONER.', '2015-08-25 10:58:21'),
(1241, 16, 'SHEGAON', '2015-08-25 10:58:21'),
(1242, 16, 'UMRER', '2015-08-25 10:58:21'),
(1243, 16, 'WARDHA', '2015-08-25 10:58:21'),
(1244, 16, 'WARORA', '2015-08-25 10:58:21'),
(1245, 16, 'WARUD', '2015-08-25 10:58:21'),
(1246, 16, 'YAVATMAL', '2015-08-25 10:58:21'),
(1247, 17, 'AAJARA', '2015-08-25 11:02:11'),
(1248, 17, 'ADIYA', '2015-08-25 11:02:11'),
(1249, 17, 'AMBALIYASAN', '2015-08-25 11:02:11'),
(1250, 17, 'BALISANA', '2015-08-25 11:02:11'),
(1251, 17, 'BALOL', '2015-08-25 11:02:11'),
(1252, 17, 'BASPA', '2015-08-25 11:02:11'),
(1253, 17, 'BECHRAJI', '2015-08-25 11:02:11'),
(1254, 17, 'BHILADI', '2015-08-25 11:02:11'),
(1255, 17, 'BRAHMANVADA', '2015-08-25 11:02:11'),
(1256, 17, 'CHANDISAR', '2015-08-25 11:02:11'),
(1257, 17, 'CHANSMA', '2015-08-25 11:02:11'),
(1258, 17, 'CHHATRAL', '2015-08-25 11:02:11'),
(1259, 17, 'DABHAD', '2015-08-25 11:02:11'),
(1260, 17, 'DAHEGAM', '2015-08-25 11:02:11'),
(1261, 17, 'DEESA', '2015-08-25 11:02:11'),
(1262, 17, 'DEMAI', '2015-08-25 11:02:11'),
(1263, 17, 'DHANERA', '2015-08-25 11:02:11'),
(1264, 17, 'DHAROD', '2015-08-25 11:02:11'),
(1265, 17, 'DHOLIYA KAMPA', '2015-08-25 11:02:11'),
(1266, 17, 'GANDHINAGAR', '2015-08-25 11:02:11'),
(1267, 17, 'GHELAVANI KAMPA', '2015-08-25 11:02:11'),
(1268, 17, 'GOZARIYA', '2015-08-25 11:02:11'),
(1269, 17, 'HARIJ', '2015-08-25 11:02:11'),
(1270, 17, 'JIVANPURA', '2015-08-25 11:02:11'),
(1271, 17, 'JOTANA', '2015-08-25 11:02:11'),
(1272, 17, 'KADI', '2015-08-25 11:02:11'),
(1273, 17, 'KALOL', '2015-08-25 11:02:11'),
(1274, 17, 'KATOSAN', '2015-08-25 11:02:11'),
(1275, 17, 'KHALI', '2015-08-25 11:02:11'),
(1276, 17, 'KHATRAJ (KALOL)', '2015-08-25 11:02:11'),
(1277, 17, 'KHERALU', '2015-08-25 11:02:11'),
(1278, 17, 'KHERAVA', '2015-08-25 11:02:11'),
(1279, 17, 'KUKARWADA', '2015-08-25 11:02:11'),
(1280, 17, 'LAKHNI', '2015-08-25 11:02:11'),
(1281, 17, 'LINCH', '2015-08-25 11:02:11'),
(1282, 17, 'MADASANA KAMPA', '2015-08-25 11:02:11'),
(1283, 17, 'MAHESANA', '2015-08-25 11:02:11'),
(1284, 17, 'MANIPURA KAMPA', '2015-08-25 11:02:11'),
(1285, 17, 'MANSA', '2015-08-25 11:02:11'),
(1286, 17, 'MEDA ADRAJ', '2015-08-25 11:02:11'),
(1287, 17, 'NANDASAN', '2015-08-25 11:02:11'),
(1288, 17, 'NAVI BHILDI', '2015-08-25 11:02:11'),
(1289, 17, 'OLD DEESA', '2015-08-25 11:02:11'),
(1290, 17, 'PALANPUR', '2015-08-25 11:02:11'),
(1291, 17, 'PANASAR', '2015-08-25 11:02:11'),
(1292, 17, 'PATAN', '2015-08-25 11:02:11'),
(1293, 17, 'PETHAPUR', '2015-08-25 11:02:11'),
(1294, 17, 'RADHANPUR', '2015-08-25 11:02:11'),
(1295, 17, 'ROJAD', '2015-08-25 11:02:11'),
(1296, 17, 'SATLASANA', '2015-08-25 11:02:11'),
(1297, 17, 'SHIHORI', '2015-08-25 11:02:11'),
(1298, 17, 'SIDDHPUR', '2015-08-25 11:02:11'),
(1299, 17, 'UMTA', '2015-08-25 11:02:11'),
(1300, 17, 'UNAD', '2015-08-25 11:02:11'),
(1301, 17, 'UNJHA', '2015-08-25 11:02:11'),
(1302, 17, 'UPERA', '2015-08-25 11:02:11'),
(1303, 17, 'VADGAM', '2015-08-25 11:02:11'),
(1304, 17, 'VADNAGAR', '2015-08-25 11:02:11'),
(1305, 17, 'VIJAPUR', '2015-08-25 11:02:11'),
(1306, 17, 'VISNAGAR', '2015-08-25 11:02:11'),
(1307, 17, 'VUAPUR', '2015-08-25 11:02:11'),
(1308, 18, 'AAJARA', '2015-08-25 11:04:39'),
(1309, 18, 'ADIYA', '2015-08-25 11:04:39'),
(1310, 18, 'AMBALIYASAN', '2015-08-25 11:04:39'),
(1311, 18, 'BALISANA', '2015-08-25 11:04:39'),
(1312, 18, 'BALOL', '2015-08-25 11:04:39'),
(1313, 18, 'BASPA', '2015-08-25 11:04:39'),
(1314, 18, 'BECHRAJI', '2015-08-25 11:04:39'),
(1315, 18, 'BHILADI', '2015-08-25 11:04:39'),
(1316, 18, 'BRAHMANVADA', '2015-08-25 11:04:39'),
(1317, 18, 'CHANDISAR', '2015-08-25 11:04:39'),
(1318, 18, 'CHANSMA', '2015-08-25 11:04:39'),
(1319, 18, 'CHHATRAL', '2015-08-25 11:04:39'),
(1320, 18, 'DABHAD', '2015-08-25 11:04:39'),
(1321, 18, 'DAHEGAM', '2015-08-25 11:04:39'),
(1322, 18, 'DEESA', '2015-08-25 11:04:39'),
(1323, 18, 'DEMAI', '2015-08-25 11:04:39'),
(1324, 18, 'DHANERA', '2015-08-25 11:04:39'),
(1325, 18, 'DHAROD', '2015-08-25 11:04:39'),
(1326, 18, 'DHOLIYA KAMPA', '2015-08-25 11:04:39'),
(1327, 18, 'GANDHINAGAR', '2015-08-25 11:04:39'),
(1328, 18, 'GHELAVANI KAMPA', '2015-08-25 11:04:39'),
(1329, 18, 'GOZARIYA', '2015-08-25 11:04:39'),
(1330, 18, 'HARIJ', '2015-08-25 11:04:39'),
(1331, 18, 'JIVANPURA', '2015-08-25 11:04:39'),
(1332, 18, 'JOTANA', '2015-08-25 11:04:39'),
(1333, 18, 'KADI', '2015-08-25 11:04:39'),
(1334, 18, 'KALOL', '2015-08-25 11:04:39'),
(1335, 18, 'KATOSAN', '2015-08-25 11:04:39'),
(1336, 18, 'KHALI', '2015-08-25 11:04:39'),
(1337, 18, 'KHATRAJ (KALOL)', '2015-08-25 11:04:39'),
(1338, 18, 'KHERALU', '2015-08-25 11:04:39'),
(1339, 18, 'KHERAVA', '2015-08-25 11:04:39'),
(1340, 18, 'KUKARWADA', '2015-08-25 11:04:39'),
(1341, 18, 'LAKHNI', '2015-08-25 11:04:39'),
(1342, 18, 'LINCH', '2015-08-25 11:04:39'),
(1343, 18, 'MADASANA KAMPA', '2015-08-25 11:04:39'),
(1344, 18, 'MAHESANA', '2015-08-25 11:04:39'),
(1345, 18, 'MANIPURA KAMPA', '2015-08-25 11:04:39'),
(1346, 18, 'MANSA', '2015-08-25 11:04:39'),
(1347, 18, 'MEDA ADRAJ', '2015-08-25 11:04:39'),
(1348, 18, 'NANDASAN', '2015-08-25 11:04:39'),
(1349, 18, 'NAVI BHILDI', '2015-08-25 11:04:39'),
(1350, 18, 'OLD DEESA', '2015-08-25 11:04:39'),
(1351, 18, 'PALANPUR', '2015-08-25 11:04:39'),
(1352, 18, 'PANASAR', '2015-08-25 11:04:39'),
(1353, 18, 'PATAN', '2015-08-25 11:04:39'),
(1354, 18, 'PETHAPUR', '2015-08-25 11:04:39'),
(1355, 18, 'RADHANPUR', '2015-08-25 11:04:39'),
(1356, 18, 'ROJAD', '2015-08-25 11:04:39'),
(1357, 18, 'SATLASANA', '2015-08-25 11:04:39'),
(1358, 18, 'SHIHORI', '2015-08-25 11:04:39'),
(1359, 18, 'SIDDHPUR', '2015-08-25 11:04:39'),
(1360, 18, 'UMTA', '2015-08-25 11:04:39'),
(1361, 18, 'UNAD', '2015-08-25 11:04:39'),
(1362, 18, 'UNJHA', '2015-08-25 11:04:39'),
(1363, 18, 'UPERA', '2015-08-25 11:04:39'),
(1364, 18, 'VADGAM', '2015-08-25 11:04:39'),
(1365, 18, 'VADNAGAR', '2015-08-25 11:04:39'),
(1366, 18, 'VIJAPUR', '2015-08-25 11:04:39'),
(1367, 18, 'VISNAGAR', '2015-08-25 11:04:39'),
(1368, 18, 'VUAPUR', '2015-08-25 11:04:39'),
(1369, 19, 'AKKALKOT', '2015-08-25 11:07:26'),
(1370, 19, 'BARAMATI', '2015-08-25 11:07:26'),
(1371, 19, 'INDI', '2015-08-25 11:07:26'),
(1372, 19, 'KHED', '2015-08-25 11:07:26'),
(1373, 19, 'MOHOL', '2015-08-25 11:07:26'),
(1374, 19, 'NARAYANGAON', '2015-08-25 11:07:26'),
(1375, 19, 'NIGDI', '2015-08-25 11:07:26'),
(1376, 19, 'OMERGA', '2015-08-25 11:07:26'),
(1377, 19, 'PANDHARPUR', '2015-08-25 11:07:26'),
(1378, 19, 'PIMPRI-CHINCHWAD', '2015-08-25 11:07:26'),
(1379, 19, 'PUNE', '2015-08-25 11:07:26'),
(1380, 19, 'SOLAPUR', '2015-08-25 11:07:26'),
(1381, 22, 'ALNAVAR', '2015-08-25 11:10:36'),
(1382, 22, 'ANKALI', '2015-08-25 11:10:36'),
(1383, 22, 'ANNIGERI', '2015-08-25 11:10:36'),
(1384, 22, 'BAGALKOT', '2015-08-25 11:10:36'),
(1385, 22, 'BAILHONGAL', '2015-08-25 11:10:36'),
(1386, 22, 'BEDAKIHAL', '2015-08-25 11:10:36'),
(1387, 22, 'BELGAUM', '2015-08-25 11:10:36'),
(1388, 22, 'BHARAMSAGAR', '2015-08-25 11:10:36'),
(1389, 22, 'BHARATI NAGAR', '2015-08-25 11:10:36'),
(1390, 22, 'BHIMSANDRA', '2015-08-25 11:10:36'),
(1391, 22, 'BIDADI', '2015-08-25 11:10:36'),
(1392, 22, 'BIDAR', '2015-08-25 11:10:36'),
(1393, 22, 'CHANNAPATNA', '2015-08-25 11:10:36'),
(1394, 22, 'CHIKBALLAPUR', '2015-08-25 11:10:36'),
(1395, 22, 'CHIKODI', '2015-08-25 11:10:36'),
(1396, 22, 'DHARWAD', '2015-08-25 11:10:36'),
(1397, 22, 'EXAMBA', '2015-08-25 11:10:36'),
(1398, 22, 'GADAG', '2015-08-25 11:10:36'),
(1399, 22, 'GANGAVATTI', '2015-08-25 11:10:36'),
(1400, 22, 'GOKAK', '2015-08-25 11:10:36'),
(1401, 22, 'GULBARGA', '2015-08-25 11:10:36'),
(1402, 22, 'GUTTAL', '2015-08-25 11:10:36'),
(1403, 22, 'HALIYAL', '2015-08-25 11:10:36'),
(1404, 22, 'HARUGERI', '2015-08-25 11:10:36'),
(1405, 22, 'HARUGERI CROSS', '2015-08-25 11:10:36'),
(1406, 22, 'HAVERI', '2015-08-25 11:10:36'),
(1407, 22, 'HEBBAL', '2015-08-25 11:10:36'),
(1408, 22, 'HINDWADI', '2015-08-25 11:10:36'),
(1409, 22, 'HOLE ALUR', '2015-08-25 11:10:36'),
(1410, 22, 'HOSPET', '2015-08-25 11:10:36'),
(1411, 22, 'HUBLI', '2015-08-25 11:10:36'),
(1412, 22, 'HUKKERI', '2015-08-25 11:10:36'),
(1413, 22, 'HUNASGI', '2015-08-25 11:10:36'),
(1414, 22, 'JAMKHANDI', '2015-08-25 11:10:36'),
(1415, 22, 'KALBURGI (GULBARGA)', '2015-08-25 11:10:36'),
(1416, 22, 'KARATAGI', '2015-08-25 11:10:36'),
(1417, 22, 'KHANAPUR', '2015-08-25 11:10:36'),
(1418, 22, 'KOPPAL', '2015-08-25 11:10:36'),
(1419, 22, 'KUNDGOL', '2015-08-25 11:10:36'),
(1420, 22, 'LAXMESHWAR', '2015-08-25 11:10:36'),
(1421, 22, 'LOKAPUR', '2015-08-25 11:10:36'),
(1422, 22, 'MAHALINGPUR', '2015-08-25 11:10:36'),
(1423, 22, 'MUDALGI', '2015-08-25 11:10:36'),
(1424, 22, 'MUDHOL', '2015-08-25 11:10:36'),
(1425, 22, 'MUNOLI', '2015-08-25 11:10:36'),
(1426, 22, 'NIPANI', '2015-08-25 11:10:36'),
(1427, 22, 'ODERHATTI', '2015-08-25 11:10:36'),
(1428, 22, 'PACHHAPUR', '2015-08-25 11:10:36'),
(1429, 22, 'RABKAVI', '2015-08-25 11:10:36'),
(1430, 22, 'RAICHUR', '2015-08-25 11:10:36'),
(1431, 22, 'RANEBENNUR', '2015-08-25 11:10:36'),
(1432, 22, 'RUBKAVI', '2015-08-25 11:10:36'),
(1433, 22, 'SANKHESHWAR', '2015-08-25 11:10:36'),
(1434, 22, 'SHAHPUR (KARNATAKA)', '2015-08-25 11:10:36'),
(1435, 22, 'SIRSI', '2015-08-25 11:10:36'),
(1436, 22, 'YADGIR', '2015-08-25 11:10:36'),
(1437, 20, 'ACHARA', '2015-08-25 11:15:03'),
(1438, 20, 'ADUR', '2015-08-25 11:15:03'),
(1439, 20, 'AIROLI', '2015-08-25 11:15:03'),
(1440, 20, 'ALDONA', '2015-08-25 11:15:03'),
(1441, 20, 'AMRUTNAGAR', '2015-08-25 11:15:03'),
(1442, 20, 'AQUEM', '2015-08-25 11:15:03'),
(1443, 20, 'ARONDA', '2015-08-25 11:15:03'),
(1444, 20, 'ARWALI', '2015-08-25 11:15:03'),
(1445, 20, 'ASTA', '2015-08-25 11:15:03'),
(1446, 20, 'ATIGRE', '2015-08-25 11:15:03'),
(1447, 20, 'AWASHI', '2015-08-25 11:15:03'),
(1448, 20, 'BAMBAVDE', '2015-08-25 11:15:03'),
(1449, 20, 'BANDA', '2015-08-25 11:15:03'),
(1450, 20, 'BHAMBED', '2015-08-25 11:15:03'),
(1451, 20, 'BHARNE NAKA', '2015-08-25 11:15:03'),
(1452, 20, 'BHINGLOLI', '2015-08-25 11:15:03'),
(1453, 20, 'BHUINJ', '2015-08-25 11:15:03'),
(1454, 20, 'BORDA', '2015-08-25 11:15:03'),
(1455, 20, 'BORGAON', '2015-08-25 11:15:03'),
(1456, 20, 'CANACONA', '2015-08-25 11:15:03'),
(1457, 20, 'CANSAULIM', '2015-08-25 11:15:03'),
(1458, 20, 'CHIKHALI', '2015-08-25 11:15:03'),
(1459, 20, 'CHINCHINIM', '2015-08-25 11:15:03'),
(1460, 20, 'CHIPLUN', '2015-08-25 11:15:03'),
(1461, 20, 'CUNCOLIM', '2015-08-25 11:15:03'),
(1462, 20, 'CURTORIM', '2015-08-25 11:15:03'),
(1463, 20, 'DABHIL', '2015-08-25 11:15:03'),
(1464, 20, 'DAPOLI', '2015-08-25 11:15:03'),
(1465, 20, 'DATWAD', '2015-08-25 11:15:03'),
(1466, 20, 'DAVORLIM', '2015-08-25 11:15:03'),
(1467, 20, 'DEODHE', '2015-08-25 11:15:03'),
(1468, 20, 'DEVGAD', '2015-08-25 11:15:03'),
(1469, 20, 'DEVRUKH', '2015-08-25 11:15:03'),
(1470, 20, 'DEVRUKHA', '2015-08-25 11:15:03'),
(1471, 20, 'DHAVLI PONDA', '2015-08-25 11:15:03'),
(1472, 20, 'DHAVLI PONDA GOA', '2015-08-25 11:15:03'),
(1473, 20, 'DODAMARG', '2015-08-25 11:15:03'),
(1474, 20, 'DULLER', '2015-08-25 11:15:03'),
(1475, 20, 'GADHINGALA', '2015-08-25 11:15:03'),
(1476, 20, 'GADHINGALAJ', '2015-08-25 11:15:03'),
(1477, 20, 'GARGOTI', '2015-08-25 11:15:03'),
(1478, 20, 'GIREWADI', '2015-08-25 11:15:03'),
(1479, 20, 'GOKUL SHIRGAON', '2015-08-25 11:15:03'),
(1480, 20, 'GUHAGAR', '2015-08-25 11:15:03'),
(1481, 20, 'HARANAI', '2015-08-25 11:15:03'),
(1482, 20, 'HARKUL', '2015-08-25 11:15:03'),
(1483, 20, 'HARNAI', '2015-08-25 11:15:03'),
(1484, 20, 'HATKANANGLE', '2015-08-25 11:15:03'),
(1485, 20, 'HUPRI', '2015-08-25 11:15:03'),
(1486, 20, 'ICHALKARANJI', '2015-08-25 11:15:03'),
(1487, 20, 'ISLAMPUR', '2015-08-25 11:15:03'),
(1488, 20, 'JAKADEVI (khalgon)', '2015-08-25 11:15:03'),
(1489, 20, 'JAYSINGPUR', '2015-08-25 11:15:03'),
(1490, 20, 'KADEGAON', '2015-08-25 11:15:03'),
(1491, 20, 'KAGAL', '2015-08-25 11:15:03'),
(1492, 20, 'KALAMBASTE', '2015-08-25 11:15:03'),
(1493, 20, 'KALE', '2015-08-25 11:15:03'),
(1494, 20, 'KANAKAVLI', '2015-08-25 11:15:03'),
(1495, 20, 'KANERI', '2015-08-25 11:15:03'),
(1496, 20, 'KANERIWADI', '2015-08-25 11:15:03'),
(1497, 20, 'KANKAVLI', '2015-08-25 11:15:03'),
(1498, 20, 'KANKVALI', '2015-08-25 11:15:03'),
(1499, 20, 'KAPSAL', '2015-08-25 11:15:03'),
(1500, 20, 'KARAD', '2015-08-25 11:15:03'),
(1501, 20, 'KARANJE', '2015-08-25 11:15:03'),
(1502, 20, 'KARUNDWAD', '2015-08-25 11:15:03'),
(1503, 20, 'KARWAR', '2015-08-25 11:15:03'),
(1504, 20, 'KASAL (balamwadi)', '2015-08-25 11:15:03'),
(1505, 20, 'KASARDA', '2015-08-25 11:15:03'),
(1506, 20, 'KATTA', '2015-08-25 11:15:03'),
(1507, 20, 'KAVILTALI', '2015-08-25 11:15:03'),
(1508, 20, 'KELAWALI', '2015-08-25 11:15:03'),
(1509, 20, 'KELSHI', '2015-08-25 11:15:03'),
(1510, 20, 'KELWALI', '2015-08-25 11:15:03'),
(1511, 20, 'KERLE', '2015-08-25 11:15:03'),
(1512, 20, 'KHANDALA', '2015-08-25 11:15:03'),
(1513, 20, 'KHAREPATAN', '2015-08-25 11:15:03'),
(1514, 20, 'KHED (MALVI)', '2015-08-25 11:15:03'),
(1515, 20, 'KHED, RATNAGIRI', '2015-08-25 11:15:03'),
(1516, 20, 'KINI', '2015-08-25 11:15:03'),
(1517, 20, 'KODOLI', '2015-08-25 11:15:03'),
(1518, 20, 'KODOLI VILLAGE', '2015-08-25 11:15:03'),
(1519, 20, 'KOLHAPUR', '2015-08-25 11:15:03'),
(1520, 20, 'KONDYE', '2015-08-25 11:15:03'),
(1521, 20, 'KOPARDE', '2015-08-25 11:15:03'),
(1522, 20, 'KOTOLI', '2015-08-25 11:15:03'),
(1523, 20, 'KUDAL', '2015-08-25 11:15:03'),
(1524, 20, 'KUMBHARMATH', '2015-08-25 11:15:03'),
(1525, 20, 'KUMBHOJ', '2015-08-25 11:15:03'),
(1526, 20, 'KUNDAL', '2015-08-25 11:15:03'),
(1527, 20, 'KUPWAD', '2015-08-25 11:15:03'),
(1528, 20, 'KUTCHELI', '2015-08-25 11:15:03'),
(1529, 20, 'KUWARBAV', '2015-08-25 11:15:03'),
(1530, 20, 'LANJA', '2015-08-25 11:15:03'),
(1531, 20, 'LODIVALI', '2015-08-25 11:15:03'),
(1532, 20, 'LONAND', '2015-08-25 11:15:03'),
(1533, 20, 'LONDA', '2015-08-25 11:15:03'),
(1534, 20, 'MADGAON', '2015-08-25 11:15:03'),
(1535, 20, 'MAHAD', '2015-08-25 11:15:03'),
(1536, 20, 'MAHSALA', '2015-08-25 11:15:03'),
(1537, 20, 'MALHARPETH', '2015-08-25 11:15:03'),
(1538, 20, 'MALKAPUR', '2015-08-25 11:15:03'),
(1539, 20, 'MALVAN', '2015-08-25 11:15:03'),
(1540, 20, 'MANDANGAD', '2015-08-25 11:15:03'),
(1541, 20, 'MANGAO ', '2015-08-25 11:15:03'),
(1542, 20, 'MAPUSA', '2015-08-25 11:15:03'),
(1543, 20, 'MARCELA', '2015-08-25 11:15:03'),
(1544, 20, 'MARGAON', '2015-08-25 11:15:03'),
(1545, 20, 'MARGOAN', '2015-08-25 11:15:03'),
(1546, 20, 'MASUR', '2015-08-25 11:15:03'),
(1547, 20, 'MAYANI', '2015-08-25 11:15:03'),
(1548, 20, 'MUDHLTITA', '2015-08-25 11:15:03'),
(1549, 20, 'MUGALI', '2015-08-25 11:15:03'),
(1550, 20, 'MUJAWARW', '2015-08-25 11:15:03'),
(1551, 20, 'NANDLAPUR', '2015-08-25 11:15:03'),
(1552, 20, 'NAVE PARGAON', '2015-08-25 11:15:03'),
(1553, 20, 'NAVELIM', '2015-08-25 11:15:03'),
(1554, 20, 'NESSAI', '2015-08-25 11:15:03'),
(1555, 20, 'NUVEM', '2015-08-25 11:15:03'),
(1556, 20, 'OND', '2015-08-25 11:15:03'),
(1557, 20, 'ONI', '2015-08-25 11:15:03'),
(1558, 20, 'PACHAL', '2015-08-25 11:15:03'),
(1559, 20, 'PADEL KANTEEN', '2015-08-25 11:15:03'),
(1560, 20, 'PAL', '2015-08-25 11:15:03'),
(1561, 20, 'PAL (KHANDOBA)', '2015-08-25 11:15:03'),
(1562, 20, 'PALGAD', '2015-08-25 11:15:03'),
(1563, 20, 'PALI (MAHARSTRA)', '2015-08-25 11:15:03'),
(1564, 20, 'PALI RATNAGIRI', '2015-08-25 11:15:03'),
(1565, 20, 'PALUS', '2015-08-25 11:15:03'),
(1566, 20, 'PANJIM', '2015-08-25 11:15:03'),
(1567, 20, 'PANSULEM', '2015-08-25 11:15:03'),
(1568, 20, 'PARVORIM', '2015-08-25 11:15:03'),
(1569, 20, 'PEN', '2015-08-25 11:15:03'),
(1570, 20, 'PERNEM', '2015-08-25 11:15:03'),
(1571, 20, 'PETH VADGAON', '2015-08-25 11:15:03'),
(1572, 20, 'PHALTAN', '2015-08-25 11:15:03'),
(1573, 20, 'PIMPLI', '2015-08-25 11:15:03'),
(1574, 20, 'POLADPUR', '2015-08-25 11:15:03'),
(1575, 20, 'PONDA', '2015-08-25 11:15:03'),
(1576, 20, 'PONDA CURTI', '2015-08-25 11:15:03'),
(1577, 20, 'PUSEGAON', '2015-08-25 11:15:03'),
(1578, 20, 'PUSESAVALI', '2015-08-25 11:15:03'),
(1579, 20, 'QUEPEM', '2015-08-25 11:15:03'),
(1580, 20, 'RAIGADH', '2015-08-25 11:15:03'),
(1581, 20, 'RAJAPUR', '2015-08-25 11:15:03'),
(1582, 20, 'RAMPUR', '2015-08-25 11:15:03'),
(1583, 20, 'RANUJ', '2015-08-25 11:15:03'),
(1584, 20, 'RATNAGIRI', '2015-08-25 11:15:03'),
(1585, 20, 'SABLEWADI', '2015-08-25 11:15:03'),
(1586, 20, 'SADAVALI (DEVRUKHA)', '2015-08-25 11:15:03'),
(1587, 20, 'SADAVLI (DEVRUKHA)', '2015-08-25 11:15:03'),
(1588, 20, 'SAKALBEN', '2015-08-25 11:15:03'),
(1589, 20, 'SALVAN', '2015-08-25 11:15:03'),
(1590, 20, 'SANGAMESHWAR', '2015-08-25 11:15:03'),
(1591, 20, 'SANGLI', '2015-08-25 11:15:03'),
(1592, 20, 'SANGMESHWAR', '2015-08-25 11:15:03'),
(1593, 20, 'SANGRUL', '2015-08-25 11:15:03'),
(1594, 20, 'SANQUELIM', '2015-08-25 11:15:03'),
(1595, 20, 'SATARA', '2015-08-25 11:15:03'),
(1596, 20, 'SAWANTWADI ', '2015-08-25 11:15:03'),
(1597, 20, 'SAWRDE', '2015-08-25 11:15:03'),
(1598, 20, 'SHAHAPUR', '2015-08-25 11:15:03'),
(1599, 20, 'SHIGAON', '2015-08-25 11:15:03'),
(1600, 20, 'SHINDKHEDA', '2015-08-25 11:15:03'),
(1601, 20, 'SHIRKHAL', '2015-08-25 11:15:03'),
(1602, 20, 'SHIROL', '2015-08-25 11:15:03'),
(1603, 20, 'SHIROLI', '2015-08-25 11:15:03'),
(1604, 20, 'SHIROLI ( PULACHI )', '2015-08-25 11:15:03'),
(1605, 20, 'SHIRWAL', '2015-08-25 11:15:03'),
(1606, 20, 'SHIVDE', '2015-08-25 11:15:03'),
(1607, 20, 'SHIVDE, PO:UMBRA', '2015-08-25 11:15:03'),
(1608, 20, 'SHRINGARTALI', '2015-08-25 11:15:03'),
(1609, 20, 'SINDHUDURG', '2015-08-25 11:15:03'),
(1610, 20, 'SIVOLIM', '2015-08-25 11:15:03'),
(1611, 20, 'SOUNDAL', '2015-08-25 11:15:03'),
(1612, 20, 'TALEBAZAR', '2015-08-25 11:15:03'),
(1613, 20, 'TALEIGAON', '2015-08-25 11:15:03'),
(1614, 20, 'TALERE', '2015-08-25 11:15:03'),
(1615, 20, 'TALSURE', '2015-08-25 11:15:03'),
(1616, 20, 'TASAVDE MIDC', '2015-08-25 11:15:03'),
(1617, 20, 'THIVIM', '2015-08-25 11:15:03'),
(1618, 20, 'TISCA-USGAO', '2015-08-25 11:15:03'),
(1619, 20, 'TURAL', '2015-08-25 11:15:03'),
(1620, 20, 'UMBRAJ', '2015-08-25 11:15:03'),
(1621, 20, 'UTUR', '2015-08-25 11:15:03'),
(1622, 20, 'VADHE', '2015-08-25 11:15:03'),
(1623, 20, 'VAIBHAVWADI', '2015-08-25 11:15:03'),
(1624, 20, 'VARERI', '2015-08-25 11:15:03'),
(1625, 20, 'VASCO-DA-GAMA', '2015-08-25 11:15:03'),
(1626, 20, 'VATHAR', '2015-08-25 11:15:03'),
(1627, 20, 'VATUL', '2015-08-25 11:15:03'),
(1628, 20, 'VELAMB', '2015-08-25 11:15:03'),
(1629, 20, 'VELDUR', '2015-08-25 11:15:03'),
(1630, 20, 'VERAL', '2015-08-25 11:15:03'),
(1631, 20, 'VIJAYDURG', '2015-08-25 11:15:03'),
(1632, 20, 'VITA', '2015-08-25 11:15:03'),
(1633, 20, 'WAKWALI', '2015-08-25 11:15:03'),
(1634, 20, 'YELANE (MALKAPUR)', '2015-08-25 11:15:03'),
(1635, 21, 'AERU', '2015-08-25 11:17:46'),
(1636, 21, 'ALIPUR', '2015-08-25 11:17:46'),
(1637, 21, 'AMBALIYA', '2015-08-25 11:17:46'),
(1638, 21, 'AMBOLI', '2015-08-25 11:17:46'),
(1639, 21, 'ANAVAL', '2015-08-25 11:17:46'),
(1640, 21, 'ANKLESHWAR', '2015-08-25 11:17:46'),
(1641, 21, 'ATAKPARDI', '2015-08-25 11:17:46'),
(1642, 21, 'BARDOLI', '2015-08-25 11:17:46'),
(1643, 21, 'BHARUCH', '2015-08-25 11:17:46'),
(1644, 21, 'BHOLAV', '2015-08-25 11:17:46'),
(1645, 21, 'BILIMORA', '2015-08-25 11:17:46'),
(1646, 21, 'BUHARI', '2015-08-25 11:17:46'),
(1647, 21, 'CHHAPRA GAM', '2015-08-25 11:17:46'),
(1648, 21, 'CHIKHLI', '2015-08-25 11:17:46'),
(1649, 21, 'DAMAN', '2015-08-25 11:17:46'),
(1650, 21, 'DEGAM', '2015-08-25 11:17:46'),
(1651, 21, 'DHARAMPUR', '2015-08-25 11:17:46'),
(1652, 21, 'DHOLAPIPLA', '2015-08-25 11:17:46'),
(1653, 21, 'DHORAN PARDI', '2015-08-25 11:17:46'),
(1654, 21, 'DUNETHA', '2015-08-25 11:17:46'),
(1655, 21, 'GANDEVI', '2015-08-25 11:17:46'),
(1656, 21, 'GANGADHARA', '2015-08-25 11:17:46'),
(1657, 21, 'GANGPUR', '2015-08-25 11:17:46'),
(1658, 21, 'JAGADIYA', '2015-08-25 11:17:46'),
(1659, 21, 'JAHANGIRABAD', '2015-08-25 11:17:46'),
(1660, 21, 'JAHANGIRPURA', '2015-08-25 11:17:46'),
(1661, 21, 'JALALPOR', '2015-08-25 11:17:46'),
(1662, 21, 'JAMBUSAR', '2015-08-25 11:17:46'),
(1663, 21, 'KABILPORE', '2015-08-25 11:17:46'),
(1664, 21, 'KACHIGAM', '2015-08-25 11:17:46'),
(1665, 21, 'KADAIYA - DAMAN', '2015-08-25 11:17:46'),
(1666, 21, 'KADOD', '2015-08-25 11:17:46'),
(1667, 21, 'KADODARA', '2015-08-25 11:17:46'),
(1668, 21, 'KAMREJ CHAR RASTA', '2015-08-25 11:17:46'),
(1669, 21, 'KARCHELIA', '2015-08-25 11:17:46'),
(1670, 21, 'KASBA PAR', '2015-08-25 11:17:46'),
(1671, 21, 'KASBAPAR', '2015-08-25 11:17:46'),
(1672, 21, 'KHERGAM', '2015-08-25 11:17:46'),
(1673, 21, 'KILLA PARDI', '2015-08-25 11:17:46'),
(1674, 21, 'KIM', '2015-08-25 11:17:46'),
(1675, 21, 'KOSAMBA', '2015-08-25 11:17:46'),
(1676, 21, 'MADHI', '2015-08-25 11:17:46'),
(1677, 21, 'MAGOB', '2015-08-25 11:17:46'),
(1678, 21, 'MAHUVA', '2015-08-25 11:17:46'),
(1679, 21, 'MAROLI', '2015-08-25 11:17:46'),
(1680, 21, 'MOGRAWADI', '2015-08-25 11:17:46'),
(1681, 21, 'NANI CHOVISI', '2015-08-25 11:17:46'),
(1682, 21, 'NANI-DAMAN', '2015-08-25 11:17:46'),
(1683, 21, 'NARMADA NAGAR', '2015-08-25 11:17:46'),
(1684, 21, 'NAVSARI', '2015-08-25 11:17:46'),
(1685, 21, 'NETRANG', '2015-08-25 11:17:46'),
(1686, 21, 'OLPAD', '2015-08-25 11:17:46'),
(1687, 21, 'PALSANA', '2015-08-25 11:17:46'),
(1688, 21, 'PANDESARA', '2015-08-25 11:17:46'),
(1689, 21, 'PANOLI', '2015-08-25 11:17:46'),
(1690, 21, 'PARDI', '2015-08-25 11:17:46'),
(1691, 21, 'PIPODRA', '2015-08-25 11:17:46'),
(1692, 21, 'PLASANA', '2015-08-25 11:17:46'),
(1693, 21, 'SACHIN', '2015-08-25 11:17:46'),
(1694, 21, 'SAMROLI', '2015-08-25 11:17:46'),
(1695, 21, 'SARBHON', '2015-08-25 11:17:46'),
(1696, 21, 'SAYAN', '2015-08-25 11:17:46'),
(1697, 21, 'SILVASSA', '2015-08-25 11:17:46'),
(1698, 21, 'SISODRA (G.I.D.C)', '2015-08-25 11:17:46'),
(1699, 21, 'SONGADH', '2015-08-25 11:17:46'),
(1700, 21, 'SOYANI', '2015-08-25 11:17:46'),
(1701, 21, 'SURAT', '2015-08-25 11:17:46'),
(1702, 21, 'UDHNA', '2015-08-25 11:17:46'),
(1703, 21, 'UDWADA', '2015-08-25 11:17:46'),
(1704, 21, 'UMARGAM', '2015-08-25 11:17:46'),
(1705, 21, 'UMBHEL', '2015-08-25 11:17:46'),
(1706, 21, 'VALIA', '2015-08-25 11:17:46'),
(1707, 21, 'VALOD', '2015-08-25 11:17:46'),
(1708, 21, 'VALSAD', '2015-08-25 11:17:46'),
(1709, 21, 'VAPI', '2015-08-25 11:17:46'),
(1710, 21, 'VARELI', '2015-08-25 11:17:46'),
(1711, 21, 'VAV', '2015-08-25 11:17:46'),
(1712, 21, 'VESMA', '2015-08-25 11:17:46'),
(1713, 21, 'VIADCH', '2015-08-25 11:17:46'),
(1714, 21, 'VIHAN', '2015-08-25 11:17:46'),
(1715, 21, 'VIJALPORE', '2015-08-25 11:17:46'),
(1716, 21, 'VIJALPUR', '2015-08-25 11:17:46'),
(1717, 21, 'VYARA', '2015-08-25 11:17:46');

-- --------------------------------------------------------

--
-- Table structure for table `familydetail`
--

CREATE TABLE IF NOT EXISTS `familydetail` (
  `familydetail_id` int(11) NOT NULL AUTO_INCREMENT,
  `mainhead_id` int(11) DEFAULT NULL,
  `yuvasangh_region` int(11) DEFAULT NULL,
  `local_samaj_city` int(11) DEFAULT NULL,
  `samaj_zone` int(11) DEFAULT NULL,
  `local_samaj` text,
  `local_yuvak_mandal` text,
  `local_yuvak_mandal_place` text,
  `native` text,
  `surname` text,
  `gotra` text,
  `firstname` text,
  `father_husbend_name` text,
  `grand_father_name` text,
  `gender` text NOT NULL,
  `mobileno` int(10) NOT NULL,
  `emailid` varchar(50) NOT NULL,
  `password` varchar(20) NOT NULL,
  `family_members` int(11) DEFAULT NULL,
  `residence_area` text,
  `country` text,
  `state` text,
  `district` text,
  `city` text,
  `area` text NOT NULL,
  `pincode` int(10) DEFAULT NULL,
  `residence_phone` int(15) NOT NULL,
  `aboutme` text NOT NULL,
  `coverphoto` varchar(100) NOT NULL,
  `created_date` timestamp NOT NULL DEFAULT CURRENT_TIMESTAMP,
  PRIMARY KEY (`familydetail_id`)
) ENGINE=MyISAM  DEFAULT CHARSET=latin1 COMMENT='store family detail' AUTO_INCREMENT=10 ;

--
-- Dumping data for table `familydetail`
--

INSERT INTO `familydetail` (`familydetail_id`, `mainhead_id`, `yuvasangh_region`, `local_samaj_city`, `samaj_zone`, `local_samaj`, `local_yuvak_mandal`, `local_yuvak_mandal_place`, `native`, `surname`, `gotra`, `firstname`, `father_husbend_name`, `grand_father_name`, `gender`, `mobileno`, `emailid`, `password`, `family_members`, `residence_area`, `country`, `state`, `district`, `city`, `area`, `pincode`, `residence_phone`, `aboutme`, `coverphoto`, `created_date`) VALUES
(1, 1, 1, 1, 1, 'Local Samaj-1', 'Local Yuvak Mandal-1', 'Local Yuvak Mandal Place-1', '2', '1', '1', 'Dharmik', 'Chandubhai', 'Ambabhai', 'Male', 2147483647, 'dharmik@gmail.com', '123456', 5, 'Kutchch', 'India', 'Gujarat', 'Kutch', 'Bhuj', 'Bhuj', 345467, 54378664, '', '1274679980_1920x1440_cute-baby-boy1.jpg', '2015-09-22 08:09:45'),
(7, 7, 2, 121, 2, 'Local Samaj-1', 'Local Yuvak Mandal-1', 'Local Yuvak Mandal Place-1', '3', '11', '1', 'Riken', 'Jantibhai', 'Amritlal', 'Male', 78451256, 'riks@gmail.com', '123456', 2, '', 'India', 'Gujarat', 'Bhuj', 'Bhuj', 'rajkot', 435676, 748596524, '', '1274679980_1920x1440_cute-baby-boy1.jpg', '2015-09-22 08:09:45'),
(8, 12, 1, 1, 1, 'Local Samaj-3', 'Local Yuvak Mandal-3', 'Local Yuvak Mandal Place-3', '3', '3', '1', 'Kalpesh', 'Chandubhai', 'Ambabhai', 'Male', 2147483647, 'kals@gmail.com', '123456', 7, 'Kadi', 'India', 'Gujarat', 'Bhuj', 'Bhuj', 'Kadi', 857496, 2147483647, '', '1274679980_1920x1440_cute-baby-boy1.jpg', '2015-09-22 08:09:45'),
(9, 14, 3, 157, 3, 'Local Samaj-5', 'Local Yuvak Mandal-1', 'Local Yuvak Mandal Place-1', '3', '13', '1', 'Dharmikkumar-test', 'dssss', 'sdsd', 'Male', 2147483647, 'dcp@mail.com', '123456', 2, '', 'India', 'Gujarat', 'Bhuj', 'Bhuj', 'abc', 343434, 24242342, '', 'Bentley-Arnage-Limousine-01.jpg', '2015-09-22 08:24:34');

-- --------------------------------------------------------

--
-- Table structure for table `familymember`
--

CREATE TABLE IF NOT EXISTS `familymember` (
  `familymember_id` int(11) NOT NULL AUTO_INCREMENT,
  `familydetail_id` int(11) NOT NULL,
  `father_id` int(11) NOT NULL,
  `relationship` int(11) NOT NULL,
  `death_live` text,
  `surname` text NOT NULL,
  `firstname` text NOT NULL,
  `father_husbend_name` text NOT NULL,
  `date_of_birth` date NOT NULL,
  `gender` text NOT NULL,
  `age` int(3) DEFAULT NULL,
  `blood_group` varchar(5) DEFAULT NULL,
  `blood_donor` text,
  `current_activity` text,
  `maritial_status` varchar(10) NOT NULL,
  `husbend_photo` varchar(100) DEFAULT NULL,
  `husbendfile_name` text,
  `wife_photo` varchar(500) DEFAULT NULL,
  `wifefile_name` text,
  `mobileno` int(10) NOT NULL,
  `emailid` varchar(20) NOT NULL,
  `educational_detail` varchar(20) DEFAULT NULL,
  `handicap` tinyint(1) DEFAULT NULL,
  `handicap_detail` text,
  `activitty_in_samaj` text,
  `coverphoto` varchar(100) NOT NULL,
  `created_date` timestamp NOT NULL DEFAULT CURRENT_TIMESTAMP,
  PRIMARY KEY (`familymember_id`)
) ENGINE=MyISAM  DEFAULT CHARSET=latin1 AUTO_INCREMENT=15 ;

--
-- Dumping data for table `familymember`
--

INSERT INTO `familymember` (`familymember_id`, `familydetail_id`, `father_id`, `relationship`, `death_live`, `surname`, `firstname`, `father_husbend_name`, `date_of_birth`, `gender`, `age`, `blood_group`, `blood_donor`, `current_activity`, `maritial_status`, `husbend_photo`, `husbendfile_name`, `wife_photo`, `wifefile_name`, `mobileno`, `emailid`, `educational_detail`, `handicap`, `handicap_detail`, `activitty_in_samaj`, `coverphoto`, `created_date`) VALUES
(1, 1, 0, 0, '1', '1', 'Dharmik', 'Chandubhai', '0000-00-00', 'Male', 23, 'B+', '1', 'Business', 'Married', NULL, '5.jpg', '91.jpg', '9.jpg', 2147483647, 'dharmik@gmail.com', ',,80,90', 0, ' ', 'Active-1,Active-2,Active-3,,,', '', '2015-09-06 20:16:52'),
(2, 1, 1, 1, '1', '1', 'Pintu', 'Dharmik', '2009-02-15', 'Male', 20, 'B-', '0', 'Study', 'Unmarried', 'big-eyes-cute-baby.jpg', 'big-eyes-cute-baby.jpg', NULL, '', 2147483647, 'pintu@gmail.com', 'M.E,B.E,80,90', 0, '0', 'Active-1,,,,,', '', '2015-09-07 05:38:42'),
(3, 1, 1, 3, '1', '1', 'Pink', 'Dharmik', '2009-02-15', 'Female', 12, 'B+', '0', 'Study', 'Unmarried', '1274679980_1920x1440_cute-baby-boy.jpg', '1274679980_1920x1440_cute-baby-boy.jpg', NULL, '', 2147483647, 'pink@gmail.com', 'D.ploma,D.ploma,98,9', 0, '0', 'Active-1,,,,,', '', '2015-09-07 05:40:26'),
(4, 2, 0, 0, '1', '1', 'Dharmikkumar', 'hhh', '2009-10-15', '', 20, 'B+', '1', 'Job', 'Married', '114.jpg', '11.jpg', '115.jpg', '11.jpg', 2147483647, 'pintu@gmail.com', ',,80,68', 0, ' ', ',,,,,', '', '2015-09-07 00:59:20'),
(6, 4, 0, 0, '1', '14', 'fff', 'hhh', '2009-03-15', '', 20, 'B+', '1', 'Job', 'Married', '116.jpg', '11.jpg', '63.jpg', '6.jpg', 2147483647, 'pintu@gmail.com', ',,80,68', 0, ' ', ',,,,,', '', '2015-09-07 05:00:51'),
(7, 7, 0, 0, '1', '11', 'Riken', 'Jantibhai', '2009-09-15', '', 20, 'B+', '1', 'Business', 'Married', '716.jpg', '7.jpg', '82.jpg', '8.jpg', 78451256, 'riks@gmail.com', ',,80,90', 0, ' ', 'Active-1,,,,,', '', '2015-09-07 05:50:30'),
(10, 7, 7, 1, '1', '11', 'Rikson', 'Riken', '2008-11-15', 'Male', 20, 'B-', '0', 'Job', 'Unmarried', NULL, '10.jpg', NULL, '', 232323223, 'riken@gmaic.com', ',,80,68', 0, '0', ',,,,,', '', '2015-09-07 06:14:14'),
(11, 7, 10, 1, '1', '11', 'Rikuson', 'Rikson', '2009-01-15', 'Male', 6, 'B+', '0', 'Job', 'Unmarried', '27.jpg', '2.jpg', NULL, '', 232323223, 'rikuson', ',,80,68', 0, '0', ',,,,,', '', '2015-09-07 06:16:40'),
(12, 8, 0, 0, '1', '3', 'Kalpesh', 'Chandubhai', '0000-00-00', 'Male', 26, 'B-', '1', 'Job', 'Married', '28.jpg', '2.jpg', NULL, '5.jpg', 2147483647, 'kals@gmail.com', ',,75,85', 0, ' ', 'Active-1,,,,,', '', '2015-09-07 18:22:54'),
(13, 8, 12, 1, '1', '3', 'Vraj', 'Kalpesh', '2009-02-15', 'Male', 20, '-1', '1', 'Study', 'Unmarried', NULL, '5.jpg', NULL, '', 526341525, 'vraj@gmail.com', ',,100,100', 0, '0', ',,,,,', '', '2015-09-07 18:49:55'),
(14, 9, 0, 0, '1', '13', 'Dharmikkumar-test', 'dssss', '2009-07-15', '', 20, 'B+', '1', 'Job', 'Married', '7.jpg', '7.jpg', '8.jpg', '8.jpg', 2147483647, 'dcp@mail.com', ',,80,85', 0, ' ', ',,,,,', '', '2015-09-08 11:32:20');

-- --------------------------------------------------------

--
-- Table structure for table `gotra`
--

CREATE TABLE IF NOT EXISTS `gotra` (
  `gotra_id` int(11) NOT NULL AUTO_INCREMENT,
  `gotra_name` text NOT NULL,
  `created_date` date NOT NULL,
  PRIMARY KEY (`gotra_id`)
) ENGINE=MyISAM  DEFAULT CHARSET=latin1 AUTO_INCREMENT=2 ;

--
-- Dumping data for table `gotra`
--

INSERT INTO `gotra` (`gotra_id`, `gotra_name`, `created_date`) VALUES
(1, 'Guru Govind', '2015-08-27');

-- --------------------------------------------------------

--
-- Table structure for table `login`
--

CREATE TABLE IF NOT EXISTS `login` (
  `id` int(11) NOT NULL,
  `family_id` int(11) NOT NULL,
  `emailid` varchar(100) NOT NULL,
  `password` varchar(20) DEFAULT NULL,
  `role_id` int(1) NOT NULL COMMENT '1 - admin , 0 - family',
  PRIMARY KEY (`id`)
) ENGINE=MyISAM DEFAULT CHARSET=latin1;

--
-- Dumping data for table `login`
--

INSERT INTO `login` (`id`, `family_id`, `emailid`, `password`, `role_id`) VALUES
(1, 1, 'admin@gmail.com', 'admin', 1);

-- --------------------------------------------------------

--
-- Table structure for table `native`
--

CREATE TABLE IF NOT EXISTS `native` (
  `native_id` int(11) NOT NULL AUTO_INCREMENT,
  `native_name` text NOT NULL,
  `created_date` timestamp NOT NULL DEFAULT CURRENT_TIMESTAMP,
  PRIMARY KEY (`native_id`)
) ENGINE=MyISAM  DEFAULT CHARSET=latin1 AUTO_INCREMENT=231 ;

--
-- Dumping data for table `native`
--

INSERT INTO `native` (`native_id`, `native_name`, `created_date`) VALUES
(1, 'AAMARA', '2015-08-26 21:54:17'),
(2, 'ADIPUR', '2015-08-26 21:54:17'),
(3, 'AIYAR', '2015-08-26 21:54:17'),
(4, 'AMAMRGHADH', '2015-08-26 21:54:17'),
(5, 'AMAMRPUR(KOTDA)', '2015-08-26 21:54:17'),
(6, 'AMRUT FARM', '2015-08-26 21:54:17'),
(7, 'ANANDPAR', '2015-08-26 21:54:17'),
(8, 'ANANDPAR (YAKS)', '2015-08-26 21:54:17'),
(9, 'ANANDSAR', '2015-08-26 21:54:17'),
(10, 'ANANDSAR (MANJAL)', '2015-08-26 21:54:17'),
(11, 'ANANDSAR (VITHON)', '2015-08-26 21:54:17'),
(12, 'ANGIYA', '2015-08-26 21:54:17'),
(13, 'ANGIYA MOTA', '2015-08-26 21:54:17'),
(14, 'ANGIYA NANA', '2015-08-26 21:54:17'),
(15, 'ANJAR', '2015-08-26 21:54:17'),
(16, 'ARAL NANI', '2015-08-26 21:54:17'),
(17, 'ARJANPURA', '2015-08-26 21:54:17'),
(18, 'ASAMBIA (MOTA)', '2015-08-26 21:54:17'),
(19, 'ASARA', '2015-08-26 21:54:17'),
(20, 'BHACHAU', '2015-08-26 21:54:17'),
(21, 'BHADANI', '2015-08-26 21:54:17'),
(22, 'BHADLI', '2015-08-26 21:54:17'),
(23, 'BHARAPAR', '2015-08-26 21:54:17'),
(24, 'BHAVANIPURA', '2015-08-26 21:54:17'),
(25, 'BHERAIYA', '2015-08-26 21:54:17'),
(26, 'BHITARA', '2015-08-26 21:54:17'),
(27, 'BHUJ', '2015-08-26 21:54:17'),
(28, 'BHUJPAR', '2015-08-26 21:54:17'),
(29, 'BIDADA', '2015-08-26 21:54:17'),
(30, 'BIDADA HARIPURA', '2015-08-26 21:54:17'),
(31, 'DAJAPAR (VADAVA)', '2015-08-26 21:54:17'),
(32, 'DALTHADI', '2015-08-26 21:54:17'),
(33, 'DARSADI', '2015-08-26 21:54:17'),
(34, 'DAULATPAR', '2015-08-26 21:54:17'),
(35, 'DAYAPAR', '2015-08-26 21:54:17'),
(36, 'DAYAPAR (LAKHAPAT)', '2015-08-26 21:54:17'),
(37, 'DEHGAM (ANANDPAR)', '2015-08-26 21:54:17'),
(38, 'DENIS', '2015-08-26 21:54:17'),
(39, 'DESALPAR', '2015-08-26 21:54:17'),
(40, 'DESALPAR (GUNTHALI)', '2015-08-26 21:54:17'),
(41, 'DESALPAR (VANDHAY)', '2015-08-26 21:54:17'),
(42, 'DEVISAR', '2015-08-26 21:54:17'),
(43, 'DEVISAR NAKHATRANA', '2015-08-26 21:54:17'),
(44, 'DEVPAR', '2015-08-26 21:54:17'),
(45, 'DEVPAR (YAKS)', '2015-08-26 21:54:17'),
(46, 'DEVPAR GADH', '2015-08-26 21:54:17'),
(47, 'DHARESHI', '2015-08-26 21:54:17'),
(48, 'DHAVADA', '2015-08-26 21:54:17'),
(49, 'DHAVDA MOTA', '2015-08-26 21:54:17'),
(50, 'DOLATPAR', '2015-08-26 21:54:17'),
(51, 'DUJAPUR', '2015-08-26 21:54:17'),
(52, 'DUNAPUR(NAVANAGAR)', '2015-08-26 21:54:17'),
(53, 'DURGAPUR (NAVAVAS)', '2015-08-26 21:54:17'),
(54, 'DURGHAPUR', '2015-08-26 21:54:17'),
(55, 'DURGHAPUR MANDVI', '2015-08-26 21:54:17'),
(56, 'GADANI', '2015-08-26 21:54:17'),
(57, 'GADHSHISHA', '2015-08-26 21:54:17'),
(58, 'GADHSHISHA (NAVAVAS)', '2015-08-26 21:54:17'),
(59, 'GADHSHISHA (UMIA NAGAR)', '2015-08-26 21:54:17'),
(60, 'GADULI', '2015-08-26 21:54:17'),
(61, 'GANDHIDHAM', '2015-08-26 21:54:17'),
(62, 'GANGAPAR', '2015-08-26 21:54:17'),
(63, 'GUNATITPUR', '2015-08-26 21:54:17'),
(64, 'GUNDIYALI', '2015-08-26 21:54:17'),
(65, 'HARIPAR', '2015-08-26 21:54:17'),
(66, 'HARIPAR (GADANI)', '2015-08-26 21:54:17'),
(67, 'HARIPAR (RAVAPAR)', '2015-08-26 21:54:17'),
(68, 'HARIPURA', '2015-08-26 21:54:17'),
(69, 'HARIPURA (MANDVI)', '2015-08-26 21:54:17'),
(70, 'HARIPURA (NIRONA)', '2015-08-26 21:54:17'),
(71, 'HARIPURA GADHSHISHA', '2015-08-26 21:54:17'),
(72, 'HARIPURA NAKHTRANA', '2015-08-26 21:54:17'),
(73, 'HURSOL', '2015-08-26 21:54:17'),
(74, 'IKABALGADH', '2015-08-26 21:54:17'),
(75, 'JADODAR (KOTDA)', '2015-08-26 21:54:17'),
(76, 'JAMTHADA', '2015-08-26 21:54:17'),
(77, 'JANAKPUR', '2015-08-26 21:54:17'),
(78, 'JATAVIRA', '2015-08-26 21:54:17'),
(79, 'JIRANI', '2015-08-26 21:54:17'),
(80, 'JIUAPAR MAGHWANA', '2015-08-26 21:54:17'),
(81, 'JIYAPAR', '2015-08-26 21:54:17'),
(82, 'KADIA (MOTA)', '2015-08-26 21:54:17'),
(83, 'KADIYA', '2015-08-26 21:54:17'),
(84, 'KADIYA NANA', '2015-08-26 21:54:17'),
(85, 'KALYANPAR', '2015-08-26 21:54:17'),
(86, 'KANAKPUR', '2015-08-26 21:54:17'),
(87, 'KANDAGARA', '2015-08-26 21:54:17'),
(88, 'KANDAI (KHANPUR)', '2015-08-26 21:54:17'),
(89, 'KANDAY', '2015-08-26 21:54:17'),
(90, 'KARBOI', '2015-08-26 21:54:17'),
(91, 'KARLOI', '2015-08-26 21:54:17'),
(92, 'KHAMBHARA', '2015-08-26 21:54:17'),
(93, 'KHEDOI', '2015-08-26 21:54:17'),
(94, 'KHEDOI (KUTCH)', '2015-08-26 21:54:17'),
(95, 'KHEDOI ANJAR', '2015-08-26 21:54:17'),
(96, 'KHIDOI KOTADA', '2015-08-26 21:54:17'),
(97, 'KHIRASARA', '2015-08-26 21:54:17'),
(98, 'KHIRSARA (NETRA)', '2015-08-26 21:54:17'),
(99, 'KHIRSARA (ROHA)', '2015-08-26 21:54:17'),
(100, 'KHOMBHADI', '2015-08-26 21:54:17'),
(101, 'KISHANPUR', '2015-08-26 21:54:17'),
(102, 'KODAIPUL', '2015-08-26 21:54:17'),
(103, 'KORAVANI (VEERANI)', '2015-08-26 21:54:17'),
(104, 'KORDA', '2015-08-26 21:54:17'),
(105, 'KOTADA', '2015-08-26 21:54:17'),
(106, 'KOTADA (BHUJ)', '2015-08-26 21:54:17'),
(107, 'KOTDA (CHAKKAR)', '2015-08-26 21:54:17'),
(108, 'KOTDA (JADODAR)', '2015-08-26 21:54:17'),
(109, 'KOTDA (ROHA)', '2015-08-26 21:54:17'),
(110, 'KOTHARA', '2015-08-26 21:54:17'),
(111, 'KUKMA', '2015-08-26 21:54:17'),
(112, 'KURBAI', '2015-08-26 21:54:17'),
(113, 'LAHERIPURA KAPA', '2015-08-26 21:54:17'),
(114, 'LAKHADI', '2015-08-26 21:54:17'),
(115, 'LAKHAPAR', '2015-08-26 21:54:17'),
(116, 'LAXMIPAR', '2015-08-26 21:54:17'),
(117, 'LAXMIPAR (MANJAL)', '2015-08-26 21:54:17'),
(118, 'LAXMIPAR (NETRA)', '2015-08-26 21:54:17'),
(119, 'LAXMIPAR (TERA)', '2015-08-26 21:54:17'),
(120, 'LAYJA-GODHRA', '2015-08-26 21:54:17'),
(121, 'LUDVA', '2015-08-26 21:54:17'),
(122, 'MADALI', '2015-08-26 21:54:17'),
(123, 'MADANPURA', '2015-08-26 21:54:17'),
(124, 'MADANPURA (KODAI)', '2015-08-26 21:54:17'),
(125, 'MADANPURA-MANDVI', '2015-08-26 21:54:17'),
(126, 'MADHAPAR', '2015-08-26 21:54:17'),
(127, 'MADHAPAR (MANJAL)', '2015-08-26 21:54:17'),
(128, 'MADHAV KAMPA', '2015-08-26 21:54:17'),
(129, 'MAGHWANA', '2015-08-26 21:54:17'),
(130, 'MAMAIMORA', '2015-08-26 21:54:17'),
(131, 'MANDVI', '2015-08-26 21:54:17'),
(132, 'MANGVANA', '2015-08-26 21:54:17'),
(133, 'MANIPAR', '2015-08-26 21:54:17'),
(134, 'MANKUVA', '2015-08-26 21:54:17'),
(135, 'MATANA MADH', '2015-08-26 21:54:17'),
(136, 'MATHAL', '2015-08-26 21:54:17'),
(137, 'MAU', '2015-08-26 21:54:17'),
(138, 'MEGHPAR', '2015-08-26 21:54:17'),
(139, 'MEGHPUR', '2015-08-26 21:54:17'),
(140, 'MERAU', '2015-08-26 21:54:17'),
(141, 'MORAJAR', '2015-08-26 21:54:17'),
(142, 'MORGAR', '2015-08-26 21:54:17'),
(143, 'MOTA RATADIYA', '2015-08-26 21:54:17'),
(144, 'MOTI KHEDOI', '2015-08-26 21:54:17'),
(145, 'MOTI RAYAN', '2015-08-26 21:54:17'),
(146, 'MOTI THARAVDI', '2015-08-26 21:54:17'),
(147, 'MULAI MORA', '2015-08-26 21:54:17'),
(148, 'MUNDRA', '2015-08-26 21:54:17'),
(149, 'NAGALPAR', '2015-08-26 21:54:17'),
(150, 'NAGVIRI', '2015-08-26 21:54:17'),
(151, 'NAKHATRANA', '2015-08-26 21:54:17'),
(152, 'NALIYA', '2015-08-26 21:54:17'),
(153, 'NANA KADIYA', '2015-08-26 21:54:17'),
(154, 'NANI KHAKHR', '2015-08-26 21:54:17'),
(155, 'NARANPAR', '2015-08-26 21:54:17'),
(156, 'NARANPAR (ROHA)', '2015-08-26 21:54:17'),
(157, 'NAVATANKI KAMPA', '2015-08-26 21:54:17'),
(158, 'NAVAVAS', '2015-08-26 21:54:17'),
(159, 'NAVAWAS (RAVAPAR)', '2015-08-26 21:54:17'),
(160, 'NAVI MANJAL', '2015-08-26 21:54:17'),
(161, 'NETRA', '2015-08-26 21:54:17'),
(162, 'NETRA MATAJI', '2015-08-26 21:54:17'),
(163, 'PADAMPUR', '2015-08-26 21:54:17'),
(164, 'PALANPUR (BADI)', '2015-08-26 21:54:17'),
(165, 'PALIVAD', '2015-08-26 21:54:17'),
(166, 'PANELI', '2015-08-26 21:54:17'),
(167, 'PANTIYA (KUTCH)', '2015-08-26 21:54:17'),
(168, 'PARAVDA', '2015-08-26 21:54:17'),
(169, 'PRATAPGADH', '2015-08-26 21:54:17'),
(170, 'RADHANPUR', '2015-08-26 21:54:17'),
(171, 'RAJPAR', '2015-08-26 21:54:17'),
(172, 'RAMPAR', '2015-08-26 21:54:17'),
(173, 'RAMPAR (NETRA)', '2015-08-26 21:54:17'),
(174, 'RAMPAR (ROHA)', '2015-08-26 21:54:17'),
(175, 'RAMPAR (SARVA)', '2015-08-26 21:54:17'),
(176, 'RANJITPURA', '2015-08-26 21:54:17'),
(177, 'RAPAR', '2015-08-26 21:54:17'),
(178, 'RASALIYA', '2015-08-26 21:54:17'),
(179, 'RATADIA', '2015-08-26 21:54:17'),
(180, 'RATNAPAR (MAU)', '2015-08-26 21:54:17'),
(181, 'RAVAPAR', '2015-08-26 21:54:17'),
(182, 'RAVIPURA', '2015-08-26 21:54:17'),
(183, 'RAYAN (MOTI)', '2015-08-26 21:54:17'),
(184, 'RODIYA', '2015-08-26 21:54:17'),
(185, 'SAMAPAR (MANGVANA)', '2015-08-26 21:54:17'),
(186, 'SANADSAR', '2015-08-26 21:54:17'),
(187, 'SANGAMNER', '2015-08-26 21:54:17'),
(188, 'SANGNARA', '2015-08-26 21:54:17'),
(189, 'SANYRA', '2015-08-26 21:54:17'),
(190, 'SANYRA (YAKS)', '2015-08-26 21:54:17'),
(191, 'SAVASALA', '2015-08-26 21:54:17'),
(192, 'SHANKARPURA', '2015-08-26 21:54:17'),
(193, 'SHICHANT', '2015-08-26 21:54:17'),
(194, 'SHIRVA', '2015-08-26 21:54:17'),
(195, 'SHRIRAM NAGAR (TALVANA)', '2015-08-26 21:54:17'),
(196, 'SIYOT', '2015-08-26 21:54:17'),
(197, 'SUKHPAR', '2015-08-26 21:54:17'),
(198, 'SUKHPAR (ROHA)', '2015-08-26 21:54:17'),
(199, 'SUKHPAR (VIRANI)', '2015-08-26 21:54:17'),
(200, 'TAKHATGADH', '2015-08-26 21:54:17'),
(201, 'TALVANA', '2015-08-26 21:54:17'),
(202, 'TARAMAJAL', '2015-08-26 21:54:17'),
(203, 'THARAVADA', '2015-08-26 21:54:17'),
(204, 'THARAVADA (BHUJ)', '2015-08-26 21:54:17'),
(205, 'THARAVADA (KUTCH)', '2015-08-26 21:54:17'),
(206, 'THERAVADA (BHADLI)', '2015-08-26 21:54:17'),
(207, 'THERAVADA (WORLI)', '2015-08-26 21:54:17'),
(208, 'TODIA', '2015-08-26 21:54:17'),
(209, 'UGEDI', '2015-08-26 21:54:17'),
(210, 'UKHEDA', '2015-08-26 21:54:17'),
(211, 'VADA (DURGAPUR)', '2015-08-26 21:54:17'),
(212, 'VADALI', '2015-08-26 21:54:17'),
(213, 'VADVA (KAYA)', '2015-08-26 21:54:17'),
(214, 'VADVA DUJAPUR', '2015-08-26 21:54:17'),
(215, 'VADVA NAVAVAS', '2015-08-26 21:54:17'),
(216, 'VAJEPURA', '2015-08-26 21:54:17'),
(217, 'VALKA MOTA', '2015-08-26 21:54:17'),
(218, 'VARJADI', '2015-08-26 21:54:17'),
(219, 'VASANA', '2015-08-26 21:54:17'),
(220, 'VESALPAR', '2015-08-26 21:54:17'),
(221, 'VIBHAPAR', '2015-08-26 21:54:17'),
(222, 'VIGODI', '2015-08-26 21:54:17'),
(223, 'VIRANI', '2015-08-26 21:54:17'),
(224, 'VIRANI (GADHSHISHA)', '2015-08-26 21:54:17'),
(225, 'VIRANI (LAKHPAT)', '2015-08-26 21:54:17'),
(226, 'VIRANI - MOTI', '2015-08-26 21:54:17'),
(227, 'VIRANI - NANI', '2015-08-26 21:54:17'),
(228, 'VIRANI MOTI (NAKHATRANA)', '2015-08-26 21:54:17'),
(229, 'VITHAN MANKUVA', '2015-08-26 21:54:17'),
(230, 'VITHON', '2015-08-26 21:54:17');

-- --------------------------------------------------------

--
-- Table structure for table `news`
--

CREATE TABLE IF NOT EXISTS `news` (
  `news_id` int(11) NOT NULL AUTO_INCREMENT,
  `news` text NOT NULL,
  `created_date` timestamp NOT NULL DEFAULT CURRENT_TIMESTAMP,
  `status` int(11) NOT NULL,
  PRIMARY KEY (`news_id`)
) ENGINE=MyISAM  DEFAULT CHARSET=latin1 AUTO_INCREMENT=3 ;

--
-- Dumping data for table `news`
--

INSERT INTO `news` (`news_id`, `news`, `created_date`, `status`) VALUES
(1, 'Our Latest news - 1', '2015-08-27 00:00:00', 1),
(2, 'Our Latest news - 2', '2015-08-27 10:07:53', 1);

-- --------------------------------------------------------

--
-- Table structure for table `photos`
--

CREATE TABLE IF NOT EXISTS `photos` (
  `photo_id` int(11) NOT NULL AUTO_INCREMENT,
  `familydetail_id` int(11) NOT NULL,
  `filename` varchar(100) NOT NULL,
  `photo` varchar(500) NOT NULL,
  `created_date` timestamp NULL DEFAULT CURRENT_TIMESTAMP,
  PRIMARY KEY (`photo_id`)
) ENGINE=MyISAM  DEFAULT CHARSET=latin1 AUTO_INCREMENT=5 ;

--
-- Dumping data for table `photos`
--

INSERT INTO `photos` (`photo_id`, `familydetail_id`, `filename`, `photo`, `created_date`) VALUES
(4, 1, '2.jpg', '2.jpg', NULL),
(3, 1, '6.jpg', '6.jpg', NULL);

-- --------------------------------------------------------

--
-- Table structure for table `region`
--

CREATE TABLE IF NOT EXISTS `region` (
  `region_id` int(11) NOT NULL AUTO_INCREMENT,
  `region_name` text NOT NULL,
  `created_date` timestamp NOT NULL DEFAULT CURRENT_TIMESTAMP,
  PRIMARY KEY (`region_id`)
) ENGINE=MyISAM  DEFAULT CHARSET=latin1 AUTO_INCREMENT=23 ;

--
-- Dumping data for table `region`
--

INSERT INTO `region` (`region_id`, `region_name`, `created_date`) VALUES
(1, 'ANDHRA PRADESH REGION', '2015-08-26 21:56:41'),
(2, 'CHHATTISGRAH REGION', '2015-08-26 21:56:41'),
(3, 'NAVCHETAN REGION', '2015-08-26 21:56:41'),
(4, 'DAKSHIN KARNATAKA REGION', '2015-08-26 21:56:41'),
(5, 'KUTCH REGION', '2015-08-26 21:56:41'),
(6, 'MADHYA PRADESH REGION', '2015-08-26 21:56:41'),
(7, 'MADHYA MAHARASTRA REGION', '2015-08-26 21:56:41'),
(8, 'MAHATMA GANDHI REGION', '2015-08-26 21:56:41'),
(9, 'MUMBAI REGION', '2015-08-26 21:56:41'),
(10, 'SABAR REGION', '2015-08-26 21:56:41'),
(11, 'UTTAR BHARAT REGION', '2015-08-26 21:56:41'),
(12, 'ORISSA REGION', '2015-08-26 21:56:41'),
(13, 'SWAMI VIVEKANAND REGION', '2015-08-26 21:56:41'),
(14, 'SARDAR PATEL REGION', '2015-08-26 21:56:41'),
(15, 'DAKSHIN BHARAT REGION', '2015-08-26 21:56:41'),
(16, 'VIDARBH REGION', '2015-08-26 21:56:41'),
(17, 'UTTAR GUJARAT REGION', '2015-08-26 21:56:41'),
(18, 'FOREIGN REGION', '2015-08-26 21:56:41'),
(19, 'CHHATRAPATI SHIVAJI REGION', '2015-08-26 21:56:41'),
(20, 'DAKSHIN MAHARASHTRA GOA REGION', '2015-08-26 21:56:41'),
(21, 'DAKSHIN GUJARAT REGION', '2015-08-26 21:56:41'),
(22, 'UTTAR KARNATAKA REGION', '2015-08-26 21:56:41');

-- --------------------------------------------------------

--
-- Table structure for table `relationship`
--

CREATE TABLE IF NOT EXISTS `relationship` (
  `relationship_id` int(11) NOT NULL AUTO_INCREMENT,
  `relationship_name` text NOT NULL,
  `created_date` timestamp NOT NULL DEFAULT CURRENT_TIMESTAMP,
  PRIMARY KEY (`relationship_id`)
) ENGINE=MyISAM  DEFAULT CHARSET=latin1 AUTO_INCREMENT=5 ;

--
-- Dumping data for table `relationship`
--

INSERT INTO `relationship` (`relationship_id`, `relationship_name`, `created_date`) VALUES
(1, 'Son', '2015-08-29 00:00:00'),
(2, 'Wife', '2015-08-29 00:00:00'),
(3, 'Doghter', '2015-08-29 00:00:00');

-- --------------------------------------------------------

--
-- Table structure for table `samajzone`
--

CREATE TABLE IF NOT EXISTS `samajzone` (
  `samajzone_id` int(11) NOT NULL AUTO_INCREMENT,
  `region_id` int(11) NOT NULL,
  `samajzone_name` text NOT NULL,
  `created_date` timestamp NOT NULL DEFAULT CURRENT_TIMESTAMP,
  PRIMARY KEY (`samajzone_id`)
) ENGINE=MyISAM  DEFAULT CHARSET=latin1 AUTO_INCREMENT=18 ;

--
-- Dumping data for table `samajzone`
--

INSERT INTO `samajzone` (`samajzone_id`, `region_id`, `samajzone_name`, `created_date`) VALUES
(1, 1, 'ANDHRA PRADESH SAMAJ ZONE', '0000-00-00 00:00:00'),
(2, 2, 'CHHATTISHGHAR SAMAJ ZONE', '0000-00-00 00:00:00'),
(3, 3, 'PASCHIM BANGAL SAMAJ ZONE', '0000-00-00 00:00:00'),
(4, 4, 'DAKSHIN KARNATAKA SAMAJ ZONE', '0000-00-00 00:00:00'),
(5, 5, 'NAKHATRANA SAMAJ ZONE', '0000-00-00 00:00:00'),
(6, 5, 'MANDAVI SAMAJ ZONE', '0000-00-00 00:00:00'),
(7, 5, 'LAKHPAT SAMAJ ZONE', '0000-00-00 00:00:00'),
(8, 5, 'BHUJ SAMAJ ZONE', '0000-00-00 00:00:00'),
(9, 6, 'MAHAKOSHAL SAMAJ ZONE', '0000-00-00 00:00:00'),
(10, 6, 'MALAVA SAMAJ ZONE', '0000-00-00 00:00:00'),
(11, 7, 'MADHYA MAHARASHTRA SAMAJ ZONE', '0000-00-00 00:00:00'),
(12, 7, 'MADHYA MAHARASHTRA SAMAJ ZONE', '0000-00-00 00:00:00'),
(13, 8, 'AHMEDABAD SAMAJ ZONE', '0000-00-00 00:00:00'),
(14, 8, 'SAURASHTRA SAMAJ ZONE', '0000-00-00 00:00:00'),
(15, 9, 'BRUHAD MUMBAI SAMAJ ZONE', '0000-00-00 00:00:00'),
(16, 10, 'DAKSHIN SABARKANTHA SAMAJ ZONE', '0000-00-00 00:00:00'),
(17, 10, 'UTTAR SABARKANTHA SAMAJ ZONE', '0000-00-00 00:00:00');

-- --------------------------------------------------------

--
-- Table structure for table `surname`
--

CREATE TABLE IF NOT EXISTS `surname` (
  `surname_id` int(11) NOT NULL AUTO_INCREMENT,
  `surname` varchar(100) NOT NULL,
  `created_date` timestamp NOT NULL DEFAULT CURRENT_TIMESTAMP,
  PRIMARY KEY (`surname_id`)
) ENGINE=MyISAM  DEFAULT CHARSET=latin1 AUTO_INCREMENT=113 ;

--
-- Dumping data for table `surname`
--

INSERT INTO `surname` (`surname_id`, `surname`, `created_date`) VALUES
(1, 'AJORIA', '2015-08-26 21:55:17'),
(2, 'AKHIYANI', '2015-08-26 21:55:17'),
(3, 'AMRUTIYA', '2015-08-26 21:55:17'),
(4, 'ANDANI', '2015-08-26 21:55:17'),
(5, 'BANDHUKIYA', '2015-08-26 21:55:17'),
(6, 'BATHANI', '2015-08-26 21:55:17'),
(7, 'BHADANI', '2015-08-26 21:55:17'),
(8, 'BHAGAT', '2015-08-26 21:55:17'),
(9, 'BHAGAT-SURANI', '2015-08-26 21:55:17'),
(10, 'BHANJIYANI', '2015-08-26 21:55:17'),
(11, 'BHAVANI', '2015-08-26 21:55:17'),
(12, 'BHEMAT', '2015-08-26 21:55:17'),
(13, 'BHIMANI', '2015-08-26 21:55:17'),
(14, 'BHOJANI', '2015-08-26 21:55:17'),
(15, 'CHAUDHARI', '2015-08-26 21:55:17'),
(16, 'CHAUHAN', '2015-08-26 21:55:17'),
(17, 'CHHABHAIYA', '2015-08-26 21:55:17'),
(18, 'CHHABHANI', '2015-08-26 21:55:17'),
(19, 'CHIKANI', '2015-08-26 21:55:17'),
(20, 'CHOPADA', '2015-08-26 21:55:17'),
(21, 'DADAGA', '2015-08-26 21:55:17'),
(22, 'DAKOTAR', '2015-08-26 21:55:17'),
(23, 'DANANI', '2015-08-26 21:55:17'),
(24, 'DAYANI', '2015-08-26 21:55:17'),
(25, 'DHANANI', '2015-08-26 21:55:17'),
(26, 'DHOLU', '2015-08-26 21:55:17'),
(27, 'DIWANI', '2015-08-26 21:55:17'),
(28, 'DOSANI', '2015-08-26 21:55:17'),
(29, 'FAYANI', '2015-08-26 21:55:17'),
(30, 'GOGARI', '2015-08-26 21:55:17'),
(31, 'GORANI', '2015-08-26 21:55:17'),
(32, 'HALPANI', '2015-08-26 21:55:17'),
(33, 'HARJIYANI', '2015-08-26 21:55:17'),
(34, 'JABUVANI', '2015-08-26 21:55:17'),
(35, 'JADWANI', '2015-08-26 21:55:17'),
(36, 'KALARIYA', '2015-08-26 21:55:17'),
(37, 'KAMANI', '2015-08-26 21:55:17'),
(38, 'KANANI', '2015-08-26 21:55:17'),
(39, 'KANJIYANI', '2015-08-26 21:55:17'),
(40, 'KARNAVAT', '2015-08-26 21:55:17'),
(41, 'KESHARANI', '2015-08-26 21:55:17'),
(42, 'KHETANI', '2015-08-26 21:55:17'),
(43, 'KHIMANI', '2015-08-26 21:55:17'),
(44, 'LADHANI', '2015-08-26 21:55:17'),
(45, 'LAGHANI', '2015-08-26 21:55:17'),
(46, 'LAKHANI', '2015-08-26 21:55:17'),
(47, 'LALANI', '2015-08-26 21:55:17'),
(48, 'LIMBANI', '2015-08-26 21:55:17'),
(49, 'MADHANI', '2015-08-26 21:55:17'),
(50, 'MAIYAT', '2015-08-26 21:55:17'),
(51, 'MAKANI', '2015-08-26 21:55:17'),
(52, 'MANANI', '2015-08-26 21:55:17'),
(53, 'MANDALIYA', '2015-08-26 21:55:17'),
(54, 'MANDALOT', '2015-08-26 21:55:17'),
(55, 'MANKUVAI', '2015-08-26 21:55:17'),
(56, 'MAVANI', '2015-08-26 21:55:17'),
(57, 'MAYANI', '2015-08-26 21:55:17'),
(58, 'MEGHANI', '2015-08-26 21:55:17'),
(59, 'MEPALI', '2015-08-26 21:55:17'),
(60, 'MEPANI', '2015-08-26 21:55:17'),
(61, 'MEPARI', '2015-08-26 21:55:17'),
(62, 'NAKRANI', '2015-08-26 21:55:17'),
(63, 'NARSINGANI', '2015-08-26 21:55:17'),
(64, 'NATHANI', '2015-08-26 21:55:17'),
(65, 'NAYANI', '2015-08-26 21:55:17'),
(66, 'NOT IN KUTCH', '2015-08-26 21:55:17'),
(67, 'PACHANI', '2015-08-26 21:55:17'),
(68, 'PADMANI', '2015-08-26 21:55:17'),
(69, 'PAJAVANI', '2015-08-26 21:55:17'),
(70, 'PANCHANI', '2015-08-26 21:55:17'),
(71, 'PARASIYA', '2015-08-26 21:55:17'),
(72, 'PARAVADIYA', '2015-08-26 21:55:17'),
(73, 'PARBATANI', '2015-08-26 21:55:17'),
(74, 'PAREKH', '2015-08-26 21:55:17'),
(75, 'PATEL', '2015-08-26 21:55:17'),
(76, 'PETHANI', '2015-08-26 21:55:17'),
(77, 'POKAR', '2015-08-26 21:55:17'),
(78, 'PREMJIYANI', '2015-08-26 21:55:17'),
(79, 'RAIYANI', '2015-08-26 21:55:17'),
(80, 'RAJANI', '2015-08-26 21:55:17'),
(81, 'RAMANI', '2015-08-26 21:55:17'),
(82, 'RAMJIYANI', '2015-08-26 21:55:17'),
(83, 'RANGANI', '2015-08-26 21:55:17'),
(84, 'RATANANI', '2015-08-26 21:55:17'),
(85, 'RAVANI', '2015-08-26 21:55:17'),
(86, 'RAVLANI', '2015-08-26 21:55:17'),
(87, 'RUAMANI', '2015-08-26 21:55:17'),
(88, 'RUDANI', '2015-08-26 21:55:17'),
(89, 'RUSHAT', '2015-08-26 21:55:17'),
(90, 'SAMANI', '2015-08-26 21:55:17'),
(91, 'SANKHALA', '2015-08-26 21:55:17'),
(92, 'SAVANI', '2015-08-26 21:55:17'),
(93, 'SENGANI', '2015-08-26 21:55:17'),
(94, 'SHETHIYA', '2015-08-26 21:55:17'),
(95, 'SHIRVI', '2015-08-26 21:55:17'),
(96, 'SHIVJIYANI', '2015-08-26 21:55:17'),
(97, 'SOMJIYANI', '2015-08-26 21:55:17'),
(98, 'SURANI', '2015-08-26 21:55:17'),
(99, 'TEJANI', '2015-08-26 21:55:17'),
(100, 'THAKRANI', '2015-08-26 21:55:17'),
(101, 'UDEDAI', '2015-08-26 21:55:17'),
(102, 'UKANI', '2015-08-26 21:55:17'),
(103, 'UKEDAI', '2015-08-26 21:55:17'),
(104, 'VADIYA', '2015-08-26 21:55:17'),
(105, 'VADVANI', '2015-08-26 21:55:17'),
(106, 'VAGADIYA', '2015-08-26 21:55:17'),
(107, 'VAGANI', '2015-08-26 21:55:17'),
(108, 'VAGHANI', '2015-08-26 21:55:17'),
(109, 'VALANI', '2015-08-26 21:55:17'),
(110, 'VALJIYANI', '2015-08-26 21:55:17'),
(111, 'VASANI', '2015-08-26 21:55:17'),
(112, 'VELANI', '2015-08-26 21:55:17');
